{"stats":{"minecraft:mined":{"minecraft:deepslate_redstone_ore":8,"minecraft:tuff":6,"minecraft:kelp_plant":20,"minecraft:amethyst_cluster":2,"minecraft:clay":10,"minecraft:torch":1,"minecraft:glow_lichen":1,"minecraft:granite":17,"minecraft:budding_amethyst":3,"minecraft:grass_block":3,"minecraft:calcite":90,"minecraft:copper_ore":2,"minecraft:cobblestone":9,"minecraft:sugar_cane":3,"minecraft:moss_block":19,"minecraft:diorite":38,"minecraft:amethyst_block":13,"minecraft:seagrass":1,"minecraft:tall_seagrass":3,"minecraft:birch_log":14,"minecraft:iron_ore":26,"minecraft:cobbled_deepslate":3,"minecraft:birch_leaves":1,"minecraft:andesite":42,"minecraft:grass":12,"minecraft:oak_log":5,"minecraft:coal_ore":62,"minecraft:deepslate_iron_ore":48,"minecraft:gravel":26,"minecraft:dirt":14,"minecraft:smooth_basalt":20,"minecraft:stone":91,"minecraft:oak_leaves":6,"minecraft:deepslate":119},"minecraft:custom":{"minecraft:interact_with_furnace":40,"minecraft:mob_kills":12,"minecraft:interact_with_crafting_table":13,"minecraft:leave_game":3,"minecraft:time_since_death":1925,"minecraft:sleep_in_bed":2,"minecraft:climb_one_cm":940,"minecraft:time_since_rest":1970,"minecraft:sprint_one_cm":108275,"minecraft:damage_taken":2335,"minecraft:walk_one_cm":397455,"minecraft:damage_blocked_by_shield":90,"minecraft:drop":12,"minecraft:damage_dealt":1434,"minecraft:swim_one_cm":38344,"minecraft:fly_one_cm":93710,"minecraft:open_chest":21,"minecraft:crouch_one_cm":14012,"minecraft:play_time":164165,"minecraft:deaths":5,"minecraft:sneak_time":5574,"minecraft:walk_under_water_one_cm":8854,"minecraft:jump":1968,"minecraft:walk_on_water_one_cm":16029,"minecraft:total_world_time":164165,"minecraft:fall_one_cm":29963},"minecraft:crafted":{"minecraft:oak_planks":20,"minecraft:crafting_table":1,"minecraft:dried_kelp":96,"minecraft:wooden_pickaxe":1,"minecraft:iron_helmet":2,"minecraft:cooked_chicken":6,"minecraft:furnace":1,"minecraft:birch_planks":40,"minecraft:cooked_mutton":9,"minecraft:iron_chestplate":2,"minecraft:stick":40,"minecraft:iron_ingot":46,"minecraft:iron_pickaxe":2,"minecraft:stone_pickaxe":2,"minecraft:chest":1,"minecraft:iron_leggings":2,"minecraft:torch":112},"minecraft:killed_by":{"minecraft:skeleton":3},"minecraft:killed":{"minecraft:zombie_villager":1,"minecraft:zombie":4,"minecraft:chicken":6},"minecraft:dropped":{"minecraft:cooked_chicken":1,"minecraft:iron_helmet":1,"minecraft:cooked_mutton":4,"minecraft:iron_chestplate":3,"minecraft:iron_leggings":1,"minecraft:stone_pickaxe":1,"minecraft:iron_pickaxe":1},"minecraft:picked_up":{"minecraft:birch_log":15,"minecraft:iron_chestplate":2,"minecraft:feather":8,"minecraft:chicken":6,"minecraft:clay_ball":40,"minecraft:andesite":41,"minecraft:birch_planks":12,"minecraft:flint":3,"minecraft:tuff":6,"minecraft:oak_log":5,"minecraft:shield":1,"minecraft:amethyst_block":13,"minecraft:dirt":17,"minecraft:moss_carpet":6,"minecraft:raw_copper":4,"minecraft:bone":5,"minecraft:kelp":136,"minecraft:bow":1,"minecraft:wheat_seeds":2,"minecraft:cobbled_deepslate":149,"minecraft:stone_pickaxe":1,"minecraft:calcite":90,"minecraft:iron_pickaxe":1,"minecraft:sugar_cane":9,"minecraft:moss_block":19,"minecraft:iron_sword":1,"minecraft:flowering_azalea":3,"minecraft:raw_iron":106,"minecraft:smooth_basalt":20,"minecraft:torch":5,"minecraft:gravel":25,"minecraft:amethyst_shard":10,"minecraft:diorite":36,"minecraft:white_bed":1,"minecraft:redstone":37,"minecraft:arrow":3,"minecraft:rotten_flesh":8,"minecraft:granite":13,"minecraft:mutton":27,"minecraft:coal":86,"minecraft:cobblestone":96},"minecraft:broken":{"minecraft:stone_pickaxe":2,"minecraft:iron_pickaxe":1},"minecraft:used":{"minecraft:cooked_mutton":5,"minecraft:moss_block":13,"minecraft:diorite":1,"minecraft:birch_planks":16,"minecraft:stone_pickaxe":223,"minecraft:dried_kelp":37,"minecraft:chest":1,"minecraft:wooden_pickaxe":45,"minecraft:shield":5,"minecraft:cooked_chicken":5,"minecraft:iron_sword":4,"minecraft:sugar_cane":9,"minecraft:rotten_flesh":5,"minecraft:torch":51,"minecraft:dirt":17,"minecraft:crafting_table":1,"minecraft:white_bed":1,"minecraft:tuff":6,"minecraft:granite":5,"minecraft:iron_pickaxe":402,"minecraft:gravel":20,"minecraft:smooth_basalt":20,"minecraft:cobblestone":35,"minecraft:bow":2,"minecraft:furnace":1,"minecraft:andesite":25,"minecraft:cobbled_deepslate":110}},"DataVersion":3105}