{"stats":{"minecraft:mined":{"minecraft:deepslate_redstone_ore":8,"minecraft:tuff":6,"minecraft:white_bed":1,"minecraft:kelp_plant":20,"minecraft:amethyst_cluster":2,"minecraft:clay":10,"minecraft:torch":1,"minecraft:glow_lichen":1,"minecraft:granite":18,"minecraft:budding_amethyst":3,"minecraft:grass_block":3,"minecraft:calcite":90,"minecraft:copper_ore":2,"minecraft:cobblestone":9,"minecraft:sugar_cane":3,"minecraft:moss_block":19,"minecraft:diorite":38,"minecraft:amethyst_block":13,"minecraft:seagrass":1,"minecraft:birch_planks":4,"minecraft:tall_seagrass":3,"minecraft:birch_log":14,"minecraft:iron_ore":26,"minecraft:cobbled_deepslate":7,"minecraft:birch_leaves":1,"minecraft:andesite":43,"minecraft:grass":12,"minecraft:oak_log":5,"minecraft:coal_ore":62,"minecraft:deepslate_iron_ore":48,"minecraft:gravel":26,"minecraft:dirt":14,"minecraft:smooth_basalt":21,"minecraft:stone":91,"minecraft:oak_leaves":6,"minecraft:deepslate":140},"minecraft:custom":{"minecraft:interact_with_furnace":42,"minecraft:mob_kills":25,"minecraft:interact_with_crafting_table":14,"minecraft:leave_game":3,"minecraft:time_since_death":1880,"minecraft:sleep_in_bed":2,"minecraft:climb_one_cm":940,"minecraft:time_since_rest":1912,"minecraft:sprint_one_cm":145908,"minecraft:damage_taken":4293,"minecraft:walk_one_cm":504628,"minecraft:damage_blocked_by_shield":1632,"minecraft:drop":12,"minecraft:damage_dealt":3315,"minecraft:swim_one_cm":38344,"minecraft:fly_one_cm":126264,"minecraft:open_chest":30,"minecraft:crouch_one_cm":14098,"minecraft:play_time":188165,"minecraft:deaths":11,"minecraft:sneak_time":5601,"minecraft:walk_under_water_one_cm":14774,"minecraft:jump":2401,"minecraft:walk_on_water_one_cm":21659,"minecraft:total_world_time":188165,"minecraft:fall_one_cm":52473},"minecraft:crafted":{"minecraft:oak_planks":20,"minecraft:diamond_sword":1,"minecraft:crafting_table":2,"minecraft:dried_kelp":96,"minecraft:wooden_pickaxe":1,"minecraft:iron_helmet":2,"minecraft:cooked_chicken":6,"minecraft:furnace":1,"minecraft:birch_planks":56,"minecraft:cooked_mutton":9,"minecraft:iron_chestplate":2,"minecraft:stick":44,"minecraft:iron_ingot":46,"minecraft:iron_pickaxe":2,"minecraft:stone_pickaxe":2,"minecraft:chest":2,"minecraft:iron_leggings":2,"minecraft:torch":120},"minecraft:killed_by":{"minecraft:skeleton":3,"minecraft:zombie":4},"minecraft:killed":{"minecraft:zombie_villager":1,"minecraft:skeleton":1,"minecraft:zombie":14,"minecraft:chicken":7},"minecraft:dropped":{"minecraft:cooked_chicken":1,"minecraft:iron_helmet":1,"minecraft:cooked_mutton":4,"minecraft:iron_chestplate":3,"minecraft:iron_leggings":1,"minecraft:stone_pickaxe":1,"minecraft:iron_pickaxe":1},"minecraft:picked_up":{"minecraft:birch_log":42,"minecraft:iron_chestplate":6,"minecraft:feather":12,"minecraft:chicken":7,"minecraft:clay_ball":40,"minecraft:andesite":46,"minecraft:wooden_pickaxe":3,"minecraft:birch_planks":162,"minecraft:flint":3,"minecraft:tuff":8,"minecraft:oak_log":5,"minecraft:shield":6,"minecraft:amethyst_block":13,"minecraft:dirt":17,"minecraft:moss_carpet":10,"minecraft:raw_copper":4,"minecraft:iron_leggings":6,"minecraft:bone":21,"minecraft:kelp":136,"minecraft:bow":3,"minecraft:wheat_seeds":2,"minecraft:cobbled_deepslate":444,"minecraft:stone_pickaxe":2,"minecraft:calcite":331,"minecraft:iron_pickaxe":5,"minecraft:sugar_cane":9,"minecraft:moss_block":31,"minecraft:iron_sword":6,"minecraft:flowering_azalea":10,"minecraft:stick":34,"minecraft:raw_iron":110,"minecraft:smooth_basalt":23,"minecraft:torch":177,"minecraft:gravel":57,"minecraft:dried_kelp":118,"minecraft:amethyst_shard":10,"minecraft:diorite":66,"minecraft:white_bed":2,"minecraft:redstone":37,"minecraft:arrow":12,"minecraft:rotten_flesh":20,"minecraft:diamond":4,"minecraft:stone_axe":2,"minecraft:iron_helmet":4,"minecraft:granite":57,"minecraft:mutton":27,"minecraft:coal":102,"minecraft:cobblestone":96},"minecraft:broken":{"minecraft:stone_pickaxe":2,"minecraft:iron_pickaxe":1},"minecraft:used":{"minecraft:calcite":3,"minecraft:cooked_mutton":5,"minecraft:moss_block":13,"minecraft:diorite":1,"minecraft:birch_planks":16,"minecraft:stone_pickaxe":255,"minecraft:dried_kelp":43,"minecraft:chest":2,"minecraft:wooden_pickaxe":52,"minecraft:shield":37,"minecraft:cooked_chicken":5,"minecraft:iron_sword":35,"minecraft:sugar_cane":9,"minecraft:rotten_flesh":17,"minecraft:torch":60,"minecraft:dirt":17,"minecraft:crafting_table":2,"minecraft:white_bed":2,"minecraft:tuff":6,"minecraft:granite":13,"minecraft:chicken":1,"minecraft:iron_pickaxe":404,"minecraft:iron_helmet":1,"minecraft:gravel":20,"minecraft:smooth_basalt":21,"minecraft:stone_axe":6,"minecraft:cobblestone":35,"minecraft:bow":2,"minecraft:furnace":1,"minecraft:andesite":28,"minecraft:cobbled_deepslate":140}},"DataVersion":3105}