{"stats":{"minecraft:mined":{"minecraft:deepslate_redstone_ore":8,"minecraft:tuff":6,"minecraft:white_bed":1,"minecraft:deepslate_diamond_ore":2,"minecraft:kelp_plant":20,"minecraft:amethyst_cluster":2,"minecraft:clay":10,"minecraft:torch":1,"minecraft:glow_lichen":1,"minecraft:granite":18,"minecraft:budding_amethyst":3,"minecraft:grass_block":3,"minecraft:calcite":90,"minecraft:chest":1,"minecraft:copper_ore":2,"minecraft:cobblestone":9,"minecraft:sugar_cane":3,"minecraft:moss_block":19,"minecraft:diorite":38,"minecraft:amethyst_block":13,"minecraft:seagrass":1,"minecraft:birch_planks":4,"minecraft:tall_seagrass":3,"minecraft:birch_log":14,"minecraft:iron_ore":26,"minecraft:cobbled_deepslate":10,"minecraft:birch_leaves":1,"minecraft:andesite":45,"minecraft:grass":12,"minecraft:oak_log":5,"minecraft:coal_ore":62,"minecraft:deepslate_iron_ore":59,"minecraft:gravel":26,"minecraft:dirt":14,"minecraft:smooth_basalt":21,"minecraft:stone":91,"minecraft:oak_leaves":6,"minecraft:deepslate":143},"minecraft:custom":{"minecraft:interact_with_furnace":48,"minecraft:mob_kills":54,"minecraft:interact_with_crafting_table":18,"minecraft:leave_game":3,"minecraft:time_since_death":21874,"minecraft:sleep_in_bed":2,"minecraft:climb_one_cm":940,"minecraft:time_since_rest":21913,"minecraft:sprint_one_cm":191622,"minecraft:damage_taken":5015,"minecraft:walk_one_cm":580895,"minecraft:damage_blocked_by_shield":2282,"minecraft:drop":17,"minecraft:damage_dealt":8803,"minecraft:swim_one_cm":63474,"minecraft:fly_one_cm":155683,"minecraft:open_chest":35,"minecraft:crouch_one_cm":14101,"minecraft:play_time":212165,"minecraft:deaths":12,"minecraft:sneak_time":5614,"minecraft:walk_under_water_one_cm":35589,"minecraft:jump":2799,"minecraft:walk_on_water_one_cm":46994,"minecraft:total_world_time":212165,"minecraft:fall_one_cm":58971},"minecraft:crafted":{"minecraft:oak_planks":20,"minecraft:diamond_sword":1,"minecraft:baked_potato":2,"minecraft:crafting_table":2,"minecraft:dried_kelp":96,"minecraft:wooden_pickaxe":1,"minecraft:iron_helmet":2,"minecraft:cooked_chicken":6,"minecraft:furnace":2,"minecraft:birch_planks":56,"minecraft:cooked_mutton":9,"minecraft:iron_chestplate":2,"minecraft:stick":48,"minecraft:iron_ingot":50,"minecraft:iron_pickaxe":3,"minecraft:stone_pickaxe":3,"minecraft:chest":2,"minecraft:iron_leggings":2,"minecraft:torch":120},"minecraft:killed_by":{"minecraft:skeleton":4,"minecraft:zombie":4},"minecraft:killed":{"minecraft:zombie_villager":2,"minecraft:spider":1,"minecraft:creeper":2,"minecraft:skeleton":5,"minecraft:zombie":35,"minecraft:chicken":7},"minecraft:dropped":{"minecraft:iron_ingot":1,"minecraft:iron_sword":1,"minecraft:cooked_chicken":1,"minecraft:raw_iron":7,"minecraft:iron_helmet":1,"minecraft:cooked_mutton":4,"minecraft:iron_chestplate":3,"minecraft:iron_leggings":2,"minecraft:stone_pickaxe":1,"minecraft:iron_pickaxe":1,"minecraft:string":2},"minecraft:picked_up":{"minecraft:birch_log":42,"minecraft:iron_chestplate":7,"minecraft:feather":13,"minecraft:chicken":7,"minecraft:clay_ball":40,"minecraft:andesite":49,"minecraft:diamond_sword":1,"minecraft:wooden_pickaxe":3,"minecraft:potato":2,"minecraft:birch_planks":168,"minecraft:flint":3,"minecraft:string":2,"minecraft:tuff":8,"minecraft:oak_log":5,"minecraft:shield":7,"minecraft:amethyst_block":13,"minecraft:dirt":17,"minecraft:moss_carpet":10,"minecraft:raw_copper":4,"minecraft:iron_leggings":9,"minecraft:bone":27,"minecraft:kelp":136,"minecraft:bow":6,"minecraft:wheat_seeds":2,"minecraft:cobbled_deepslate":507,"minecraft:stone_pickaxe":2,"minecraft:calcite":331,"minecraft:iron_pickaxe":5,"minecraft:sugar_cane":9,"minecraft:moss_block":31,"minecraft:chest":1,"minecraft:iron_sword":7,"minecraft:flowering_azalea":10,"minecraft:stick":40,"minecraft:raw_iron":121,"minecraft:smooth_basalt":23,"minecraft:torch":177,"minecraft:gravel":57,"minecraft:dried_kelp":118,"minecraft:amethyst_shard":10,"minecraft:diorite":66,"minecraft:white_bed":2,"minecraft:redstone":37,"minecraft:arrow":21,"minecraft:rotten_flesh":40,"minecraft:diamond":6,"minecraft:stone_axe":2,"minecraft:iron_helmet":5,"minecraft:granite":57,"minecraft:mutton":27,"minecraft:coal":102,"minecraft:cobblestone":174},"minecraft:broken":{"minecraft:stone_pickaxe":2,"minecraft:iron_pickaxe":1},"minecraft:used":{"minecraft:calcite":3,"minecraft:cooked_mutton":5,"minecraft:moss_block":13,"minecraft:diorite":1,"minecraft:birch_planks":16,"minecraft:stone_pickaxe":267,"minecraft:dried_kelp":43,"minecraft:baked_potato":2,"minecraft:chest":3,"minecraft:wooden_pickaxe":53,"minecraft:shield":49,"minecraft:cooked_chicken":5,"minecraft:iron_sword":35,"minecraft:sugar_cane":9,"minecraft:rotten_flesh":34,"minecraft:torch":60,"minecraft:dirt":17,"minecraft:crafting_table":2,"minecraft:white_bed":2,"minecraft:tuff":6,"minecraft:granite":13,"minecraft:chicken":1,"minecraft:iron_pickaxe":413,"minecraft:iron_helmet":1,"minecraft:gravel":20,"minecraft:smooth_basalt":21,"minecraft:stone_axe":6,"minecraft:diamond_sword":92,"minecraft:cobblestone":35,"minecraft:bow":8,"minecraft:furnace":2,"minecraft:andesite":28,"minecraft:potato":1,"minecraft:cobbled_deepslate":161,"minecraft:iron_leggings":1}},"DataVersion":3105}