{"stats":{"minecraft:mined":{"minecraft:tuff":6,"minecraft:white_bed":1,"minecraft:deepslate_diamond_ore":2,"minecraft:granite":18,"minecraft:glow_lichen":1,"minecraft:budding_amethyst":3,"minecraft:grass_block":6,"minecraft:moss_block":19,"minecraft:kelp":7,"minecraft:tall_seagrass":4,"minecraft:furnace":1,"minecraft:iron_ore":26,"minecraft:cobbled_deepslate":10,"minecraft:andesite":45,"minecraft:deepslate_iron_ore":59,"minecraft:stone":93,"minecraft:deepslate_redstone_ore":8,"minecraft:kelp_plant":81,"minecraft:amethyst_cluster":2,"minecraft:clay":10,"minecraft:torch":1,"minecraft:calcite":90,"minecraft:chest":1,"minecraft:cobblestone":9,"minecraft:copper_ore":2,"minecraft:sugar_cane":3,"minecraft:diorite":38,"minecraft:amethyst_block":17,"minecraft:seagrass":2,"minecraft:birch_planks":4,"minecraft:birch_log":29,"minecraft:birch_leaves":3,"minecraft:grass":12,"minecraft:coal_ore":62,"minecraft:oak_log":5,"minecraft:gravel":26,"minecraft:dirt":16,"minecraft:smooth_basalt":21,"minecraft:oak_leaves":6,"minecraft:deepslate":143},"minecraft:custom":{"minecraft:mob_kills":60,"minecraft:interact_with_crafting_table":23,"minecraft:leave_game":3,"minecraft:time_since_death":33874,"minecraft:climb_one_cm":940,"minecraft:sprint_one_cm":195967,"minecraft:walk_one_cm":592727,"minecraft:damage_blocked_by_shield":2282,"minecraft:drop":17,"minecraft:play_time":224165,"minecraft:deaths":12,"minecraft:sneak_time":5614,"minecraft:walk_under_water_one_cm":40422,"minecraft:jump":2851,"minecraft:walk_on_water_one_cm":52076,"minecraft:total_world_time":224165,"minecraft:interact_with_furnace":54,"minecraft:sleep_in_bed":2,"minecraft:time_since_rest":33913,"minecraft:damage_taken":5037,"minecraft:damage_dealt":9985,"minecraft:swim_one_cm":98716,"minecraft:fly_one_cm":160979,"minecraft:open_chest":38,"minecraft:crouch_one_cm":14101,"minecraft:fall_one_cm":59389},"minecraft:crafted":{"minecraft:oak_planks":20,"minecraft:cooked_chicken":6,"minecraft:furnace":2,"minecraft:cooked_mutton":9,"minecraft:iron_boots":1,"minecraft:stone_pickaxe":3,"minecraft:chest":2,"minecraft:diamond_sword":1,"minecraft:crafting_table":2,"minecraft:iron_helmet":2,"minecraft:dried_kelp":96,"minecraft:wooden_pickaxe":1,"minecraft:baked_potato":2,"minecraft:birch_planks":76,"minecraft:iron_chestplate":2,"minecraft:charcoal":10,"minecraft:stick":48,"minecraft:iron_ingot":71,"minecraft:iron_pickaxe":3,"minecraft:iron_leggings":2,"minecraft:torch":120},"minecraft:killed_by":{"minecraft:skeleton":4,"minecraft:zombie":4},"minecraft:killed":{"minecraft:spider":1,"minecraft:skeleton":5,"minecraft:chicken":7,"minecraft:drowned":4,"minecraft:zombie_villager":2,"minecraft:creeper":2,"minecraft:zombie":37},"minecraft:picked_up":{"minecraft:iron_chestplate":7,"minecraft:chicken":7,"minecraft:clay_ball":40,"minecraft:diamond_sword":1,"minecraft:wooden_pickaxe":3,"minecraft:shield":7,"minecraft:amethyst_block":18,"minecraft:string":2,"minecraft:moss_carpet":10,"minecraft:raw_copper":4,"minecraft:iron_leggings":9,"minecraft:cobbled_deepslate":507,"minecraft:calcite":331,"minecraft:iron_pickaxe":5,"minecraft:sugar_cane":9,"minecraft:chest":1,"minecraft:furnace":1,"minecraft:raw_iron":121,"minecraft:stick":40,"minecraft:torch":177,"minecraft:dried_kelp":118,"minecraft:diorite":66,"minecraft:redstone":37,"minecraft:arrow":21,"minecraft:rotten_flesh":47,"minecraft:mutton":27,"minecraft:cobblestone":176,"minecraft:birch_log":57,"minecraft:feather":13,"minecraft:andesite":49,"minecraft:potato":2,"minecraft:birch_planks":168,"minecraft:flint":3,"minecraft:tuff":8,"minecraft:oak_log":5,"minecraft:dirt":21,"minecraft:bone":27,"minecraft:kelp":513,"minecraft:bow":6,"minecraft:wheat_seeds":2,"minecraft:stone_pickaxe":2,"minecraft:moss_block":31,"minecraft:iron_sword":7,"minecraft:flowering_azalea":10,"minecraft:smooth_basalt":23,"minecraft:gravel":57,"minecraft:amethyst_shard":10,"minecraft:white_bed":2,"minecraft:diamond":6,"minecraft:stone_axe":2,"minecraft:iron_helmet":5,"minecraft:granite":57,"minecraft:coal":102},"minecraft:dropped":{"minecraft:iron_ingot":1,"minecraft:iron_sword":1,"minecraft:iron_helmet":1,"minecraft:iron_leggings":2,"minecraft:iron_pickaxe":1,"minecraft:string":2,"minecraft:cooked_chicken":1,"minecraft:raw_iron":7,"minecraft:cooked_mutton":4,"minecraft:iron_chestplate":3,"minecraft:stone_pickaxe":1},"minecraft:broken":{"minecraft:stone_pickaxe":2,"minecraft:iron_pickaxe":1},"minecraft:used":{"minecraft:moss_block":13,"minecraft:dried_kelp":43,"minecraft:chest":3,"minecraft:shield":49,"minecraft:iron_sword":35,"minecraft:cooked_chicken":5,"minecraft:rotten_flesh":34,"minecraft:torch":60,"minecraft:dirt":20,"minecraft:tuff":6,"minecraft:granite":13,"minecraft:iron_helmet":1,"minecraft:smooth_basalt":21,"minecraft:bow":8,"minecraft:furnace":2,"minecraft:potato":1,"minecraft:cobbled_deepslate":161,"minecraft:iron_leggings":1,"minecraft:calcite":3,"minecraft:cooked_mutton":5,"minecraft:diorite":1,"minecraft:amethyst_block":2,"minecraft:birch_planks":16,"minecraft:stone_pickaxe":268,"minecraft:baked_potato":2,"minecraft:wooden_pickaxe":53,"minecraft:sugar_cane":9,"minecraft:crafting_table":2,"minecraft:white_bed":2,"minecraft:chicken":1,"minecraft:iron_pickaxe":419,"minecraft:gravel":20,"minecraft:stone_axe":6,"minecraft:diamond_sword":112,"minecraft:cobblestone":37,"minecraft:andesite":28}},"DataVersion":3105}