{"stats":{"minecraft:mined":{"minecraft:tuff":6,"minecraft:kelp_plant":20,"minecraft:clay":1,"minecraft:torch":1,"minecraft:glow_lichen":1,"minecraft:granite":8,"minecraft:grass_block":3,"minecraft:copper_ore":2,"minecraft:cobblestone":6,"minecraft:sugar_cane":3,"minecraft:moss_block":19,"minecraft:diorite":23,"minecraft:seagrass":1,"minecraft:tall_seagrass":3,"minecraft:birch_log":14,"minecraft:iron_ore":15,"minecraft:cobbled_deepslate":3,"minecraft:andesite":41,"minecraft:birch_leaves":1,"minecraft:grass":12,"minecraft:oak_log":5,"minecraft:coal_ore":40,"minecraft:deepslate_iron_ore":24,"minecraft:gravel":23,"minecraft:dirt":14,"minecraft:stone":60,"minecraft:oak_leaves":6,"minecraft:deepslate":79},"minecraft:custom":{"minecraft:interact_with_furnace":34,"minecraft:mob_kills":12,"minecraft:interact_with_crafting_table":7,"minecraft:leave_game":2,"minecraft:time_since_death":25198,"minecraft:sleep_in_bed":2,"minecraft:climb_one_cm":940,"minecraft:time_since_rest":1013,"minecraft:sprint_one_cm":95541,"minecraft:damage_taken":2025,"minecraft:walk_one_cm":303436,"minecraft:damage_blocked_by_shield":90,"minecraft:drop":6,"minecraft:damage_dealt":1412,"minecraft:swim_one_cm":38344,"minecraft:fly_one_cm":85261,"minecraft:open_chest":5,"minecraft:crouch_one_cm":704,"minecraft:play_time":131123,"minecraft:deaths":4,"minecraft:sneak_time":312,"minecraft:walk_under_water_one_cm":8854,"minecraft:jump":1562,"minecraft:walk_on_water_one_cm":16029,"minecraft:total_world_time":131123,"minecraft:fall_one_cm":23819},"minecraft:crafted":{"minecraft:oak_planks":20,"minecraft:crafting_table":1,"minecraft:dried_kelp":32,"minecraft:wooden_pickaxe":1,"minecraft:cooked_chicken":6,"minecraft:furnace":1,"minecraft:birch_planks":24,"minecraft:cooked_mutton":9,"minecraft:stick":20,"minecraft:stone_pickaxe":2,"minecraft:chest":1,"minecraft:torch":48},"minecraft:killed_by":{"minecraft:skeleton":3},"minecraft:killed":{"minecraft:zombie_villager":1,"minecraft:zombie":4,"minecraft:chicken":6},"minecraft:dropped":{"minecraft:cooked_chicken":1,"minecraft:cooked_mutton":4,"minecraft:stone_pickaxe":1},"minecraft:picked_up":{"minecraft:birch_log":15,"minecraft:feather":8,"minecraft:chicken":6,"minecraft:clay_ball":4,"minecraft:andesite":40,"minecraft:birch_planks":12,"minecraft:flint":3,"minecraft:tuff":6,"minecraft:oak_log":5,"minecraft:shield":1,"minecraft:dirt":17,"minecraft:moss_carpet":6,"minecraft:raw_copper":4,"minecraft:bone":5,"minecraft:kelp":136,"minecraft:bow":1,"minecraft:wheat_seeds":2,"minecraft:cobbled_deepslate":103,"minecraft:stone_pickaxe":1,"minecraft:iron_pickaxe":1,"minecraft:sugar_cane":9,"minecraft:moss_block":19,"minecraft:flowering_azalea":3,"minecraft:iron_sword":1,"minecraft:raw_iron":71,"minecraft:torch":5,"minecraft:gravel":22,"minecraft:diorite":22,"minecraft:white_bed":1,"minecraft:arrow":3,"minecraft:rotten_flesh":8,"minecraft:granite":8,"minecraft:mutton":27,"minecraft:coal":64,"minecraft:cobblestone":63},"minecraft:broken":{"minecraft:stone_pickaxe":2},"minecraft:used":{"minecraft:moss_block":13,"minecraft:cooked_mutton":5,"minecraft:diorite":1,"minecraft:birch_planks":15,"minecraft:stone_pickaxe":223,"minecraft:dried_kelp":32,"minecraft:chest":1,"minecraft:wooden_pickaxe":45,"minecraft:shield":5,"minecraft:iron_sword":4,"minecraft:cooked_chicken":5,"minecraft:sugar_cane":9,"minecraft:rotten_flesh":5,"minecraft:torch":41,"minecraft:dirt":17,"minecraft:crafting_table":1,"minecraft:white_bed":1,"minecraft:tuff":6,"minecraft:granite":5,"minecraft:iron_pickaxe":107,"minecraft:gravel":20,"minecraft:cobblestone":8,"minecraft:bow":2,"minecraft:furnace":1,"minecraft:andesite":24,"minecraft:cobbled_deepslate":80}},"DataVersion":3105}