{"stats":{"minecraft:dropped":{"minecraft:rotten_flesh":2,"minecraft:stone_pickaxe":1},"minecraft:custom":{"minecraft:interact_with_furnace":18,"minecraft:mob_kills":13,"minecraft:interact_with_crafting_table":25,"minecraft:leave_game":8,"minecraft:time_since_death":52034,"minecraft:sleep_in_bed":9,"minecraft:climb_one_cm":1477,"minecraft:time_since_rest":79,"minecraft:sprint_one_cm":112849,"minecraft:damage_taken":1560,"minecraft:walk_one_cm":255150,"minecraft:drop":3,"minecraft:damage_dealt":1406,"minecraft:swim_one_cm":53531,"minecraft:fly_one_cm":174895,"minecraft:open_chest":13,"minecraft:crouch_one_cm":2350,"minecraft:play_time":101264,"minecraft:sneak_time":1188,"minecraft:deaths":4,"minecraft:walk_under_water_one_cm":3057,"minecraft:jump":1058,"minecraft:walk_on_water_one_cm":7609,"minecraft:total_world_time":101264,"minecraft:fall_one_cm":25515},"minecraft:crafted":{"minecraft:oak_planks":112,"minecraft:stone_shovel":1,"minecraft:cooked_porkchop":2,"minecraft:crafting_table":4,"minecraft:wooden_pickaxe":4,"minecraft:iron_helmet":1,"minecraft:iron_sword":1,"minecraft:furnace":2,"minecraft:stone_axe":3,"minecraft:cooked_mutton":4,"minecraft:air":0,"minecraft:iron_boots":1,"minecraft:charcoal":10,"minecraft:stick":60,"minecraft:iron_ingot":27,"minecraft:iron_pickaxe":5,"minecraft:stone_pickaxe":8,"minecraft:wooden_axe":1,"minecraft:stone_sword":1,"minecraft:chest":2,"minecraft:white_bed":1,"minecraft:torch":40},"minecraft:killed_by":{"minecraft:creeper":1,"minecraft:zombie":2},"minecraft:mined":{"minecraft:crafting_table":8,"minecraft:torch":6,"minecraft:granite":5,"minecraft:grass_block":8,"minecraft:melon":17,"minecraft:copper_ore":26,"minecraft:cobblestone":22,"minecraft:diorite":1,"minecraft:furnace":1,"minecraft:iron_ore":33,"minecraft:andesite":2,"minecraft:grass":8,"minecraft:oak_log":52,"minecraft:coal_ore":228,"minecraft:vine":1,"minecraft:dirt":8,"minecraft:stone":1551,"minecraft:oak_leaves":27,"minecraft:fern":1},"minecraft:picked_up":{"minecraft:charcoal":13,"minecraft:crafting_table":8,"minecraft:andesite":2,"minecraft:oak_log":64,"minecraft:dirt":13,"minecraft:raw_copper":93,"minecraft:cooked_mutton":2,"minecraft:bone":4,"minecraft:apple":2,"minecraft:wheat_seeds":1,"minecraft:stone_pickaxe":2,"minecraft:iron_pickaxe":1,"minecraft:melon_slice":150,"minecraft:oak_planks":36,"minecraft:iron_sword":1,"minecraft:furnace":2,"minecraft:stick":2,"minecraft:raw_iron":54,"minecraft:cooked_porkchop":2,"minecraft:torch":10,"minecraft:porkchop":14,"minecraft:diorite":1,"minecraft:stone_sword":1,"minecraft:arrow":4,"minecraft:rotten_flesh":4,"minecraft:stone_axe":1,"minecraft:granite":5,"minecraft:oak_sapling":8,"minecraft:mutton":18,"minecraft:coal":230,"minecraft:white_wool":9,"minecraft:cobblestone":1570},"minecraft:killed":{"minecraft:pig":3,"minecraft:skeleton":1,"minecraft:sheep":6,"minecraft:zombie":2},"minecraft:broken":{"minecraft:stone_pickaxe":5,"minecraft:iron_pickaxe":4},"minecraft:used":{"minecraft:cooked_mutton":4,"minecraft:stone_sword":40,"minecraft:stone_pickaxe":792,"minecraft:stone_shovel":6,"minecraft:chest":2,"minecraft:wooden_pickaxe":31,"minecraft:torch":24,"minecraft:dirt":7,"minecraft:crafting_table":9,"minecraft:white_bed":1,"minecraft:granite":2,"minecraft:wooden_axe":6,"minecraft:iron_pickaxe":1048,"minecraft:iron_helmet":1,"minecraft:iron_boots":1,"minecraft:stone_axe":61,"minecraft:cobblestone":43,"minecraft:furnace":3,"minecraft:andesite":2}},"DataVersion":3120}