{"stats":{"minecraft:mined":{"minecraft:deepslate_redstone_ore":11,"minecraft:white_bed":2,"minecraft:deepslate_diamond_ore":4,"minecraft:amethyst_cluster":1,"minecraft:crafting_table":5,"minecraft:granite":43,"minecraft:grass_block":3,"minecraft:cobblestone":12,"minecraft:deepslate_gold_ore":5,"minecraft:lapis_ore":8,"minecraft:oak_planks":11,"minecraft:sugar_cane":3,"minecraft:diorite":1,"minecraft:wall_torch":1,"minecraft:amethyst_block":7,"minecraft:birch_planks":1,"minecraft:furnace":1,"minecraft:birch_log":49,"minecraft:iron_ore":25,"minecraft:cobbled_deepslate":9,"minecraft:lilac":1,"minecraft:birch_leaves":2,"minecraft:andesite":22,"minecraft:deepslate_lapis_ore":3,"minecraft:grass":8,"minecraft:coal_ore":8,"minecraft:oak_log":27,"minecraft:deepslate_iron_ore":6,"minecraft:beetroots":2,"minecraft:oak_stairs":1,"minecraft:gravel":13,"minecraft:dirt":8,"minecraft:smooth_basalt":3,"minecraft:stone":151,"minecraft:oak_leaves":13,"minecraft:deepslate":96},"minecraft:custom":{"minecraft:interact_with_furnace":39,"minecraft:mob_kills":24,"minecraft:interact_with_crafting_table":43,"minecraft:leave_game":6,"minecraft:time_since_death":6431,"minecraft:sleep_in_bed":5,"minecraft:climb_one_cm":247,"minecraft:time_since_rest":6455,"minecraft:sprint_one_cm":210393,"minecraft:damage_taken":4746,"minecraft:walk_one_cm":558175,"minecraft:damage_blocked_by_shield":3680,"minecraft:drop":18,"minecraft:damage_dealt":3072,"minecraft:swim_one_cm":40,"minecraft:fly_one_cm":78769,"minecraft:open_chest":32,"minecraft:crouch_one_cm":17,"minecraft:play_time":161142,"minecraft:sneak_time":268,"minecraft:deaths":13,"minecraft:walk_under_water_one_cm":39226,"minecraft:boat_one_cm":227592,"minecraft:jump":2136,"minecraft:walk_on_water_one_cm":23991,"minecraft:total_world_time":161142,"minecraft:fall_one_cm":53258},"minecraft:crafted":{"minecraft:sugar":5,"minecraft:wooden_sword":1,"minecraft:oak_planks":112,"minecraft:crafting_table":4,"minecraft:dried_kelp":31,"minecraft:wooden_pickaxe":2,"minecraft:iron_sword":2,"minecraft:furnace":1,"minecraft:birch_planks":188,"minecraft:stone_axe":2,"minecraft:oak_boat":2,"minecraft:shield":3,"minecraft:stick":48,"minecraft:iron_ingot":34,"minecraft:iron_pickaxe":3,"minecraft:stone_pickaxe":5,"minecraft:wooden_axe":1,"minecraft:stone_sword":2,"minecraft:chest":2,"minecraft:white_bed":2},"minecraft:killed":{"minecraft:sheep":7,"minecraft:skeleton":4,"minecraft:zombie":8},"minecraft:killed_by":{"minecraft:skeleton":5,"minecraft:creeper":1,"minecraft:spider":1,"minecraft:zombie":4},"minecraft:dropped":{"minecraft:iron_sword":1,"minecraft:cobblestone":1,"minecraft:white_bed":1,"minecraft:coal":10,"minecraft:shield":2,"minecraft:mutton":18,"minecraft:oak_sapling":1,"minecraft:iron_pickaxe":1},"minecraft:picked_up":{"minecraft:birch_log":63,"minecraft:iron_chestplate":4,"minecraft:crafting_table":5,"minecraft:feather":8,"minecraft:lilac":2,"minecraft:andesite":28,"minecraft:wooden_pickaxe":1,"minecraft:oak_stairs":1,"minecraft:birch_planks":289,"minecraft:flint":1,"minecraft:tuff":3,"minecraft:oak_log":28,"minecraft:shield":5,"minecraft:amethyst_block":26,"minecraft:lapis_lazuli":74,"minecraft:string":4,"minecraft:dirt":13,"minecraft:moss_carpet":6,"minecraft:raw_copper":4,"minecraft:wooden_sword":2,"minecraft:iron_leggings":4,"minecraft:cooked_mutton":4,"minecraft:bone":10,"minecraft:beetroot":1,"minecraft:kelp":48,"minecraft:bow":3,"minecraft:wheat_seeds":2,"minecraft:cobbled_deepslate":246,"minecraft:raw_gold":5,"minecraft:iron_ingot":38,"minecraft:stone_pickaxe":3,"minecraft:cooked_chicken":1,"minecraft:oak_boat":2,"minecraft:calcite":151,"minecraft:iron_pickaxe":9,"minecraft:sugar_cane":5,"minecraft:iron_sword":3,"minecraft:oak_planks":11,"minecraft:egg":1,"minecraft:furnace":1,"minecraft:raw_iron":60,"minecraft:stick":24,"minecraft:smooth_basalt":8,"minecraft:torch":131,"minecraft:gravel":31,"minecraft:dried_kelp":158,"minecraft:amethyst_shard":4,"minecraft:diorite":70,"minecraft:white_bed":2,"minecraft:redstone":48,"minecraft:stone_sword":1,"minecraft:arrow":14,"minecraft:rotten_flesh":22,"minecraft:diamond":4,"minecraft:beetroot_seeds":4,"minecraft:iron_helmet":4,"minecraft:granite":105,"minecraft:gray_wool":1,"minecraft:oak_sapling":2,"minecraft:mutton":18,"minecraft:coal":48,"minecraft:white_wool":6,"minecraft:cobblestone":210},"minecraft:broken":{"minecraft:stone_pickaxe":3,"minecraft:wooden_sword":1,"minecraft:wooden_pickaxe":1},"minecraft:used":{"minecraft:beetroot":1,"minecraft:cooked_mutton":4,"minecraft:amethyst_block":9,"minecraft:stone_sword":9,"minecraft:birch_planks":1,"minecraft:stone_pickaxe":383,"minecraft:dried_kelp":77,"minecraft:wooden_pickaxe":52,"minecraft:chest":2,"minecraft:shield":83,"minecraft:iron_sword":25,"minecraft:cooked_chicken":1,"minecraft:iron_chestplate":3,"minecraft:torch":7,"minecraft:dirt":4,"minecraft:crafting_table":8,"minecraft:white_bed":3,"minecraft:wooden_axe":16,"minecraft:iron_pickaxe":115,"minecraft:gravel":1,"minecraft:smooth_basalt":2,"minecraft:wooden_sword":60,"minecraft:stone_axe":28,"minecraft:cobblestone":72,"minecraft:furnace":2,"minecraft:oak_boat":2,"minecraft:egg":1,"minecraft:cobbled_deepslate":28}},"DataVersion":3105}