{"stats":{"minecraft:mined":{"minecraft:deepslate_redstone_ore":11,"minecraft:deepslate_diamond_ore":4,"minecraft:crafting_table":5,"minecraft:granite":19,"minecraft:grass_block":3,"minecraft:cobblestone":10,"minecraft:lapis_ore":8,"minecraft:deepslate_gold_ore":5,"minecraft:sugar_cane":3,"minecraft:oak_planks":8,"minecraft:wall_torch":1,"minecraft:furnace":1,"minecraft:birch_log":24,"minecraft:iron_ore":25,"minecraft:andesite":21,"minecraft:birch_leaves":1,"minecraft:deepslate_lapis_ore":3,"minecraft:grass":7,"minecraft:oak_log":20,"minecraft:coal_ore":8,"minecraft:beetroots":2,"minecraft:deepslate_iron_ore":2,"minecraft:oak_stairs":1,"minecraft:gravel":11,"minecraft:dirt":6,"minecraft:stone":138,"minecraft:oak_leaves":6,"minecraft:deepslate":32},"minecraft:custom":{"minecraft:interact_with_furnace":13,"minecraft:mob_kills":10,"minecraft:interact_with_crafting_table":27,"minecraft:leave_game":2,"minecraft:time_since_death":58585,"minecraft:sleep_in_bed":2,"minecraft:climb_one_cm":247,"minecraft:time_since_rest":12047,"minecraft:sprint_one_cm":69770,"minecraft:damage_taken":785,"minecraft:walk_one_cm":253696,"minecraft:drop":17,"minecraft:damage_dealt":744,"minecraft:fly_one_cm":30434,"minecraft:open_chest":9,"minecraft:play_time":78637,"minecraft:sneak_time":171,"minecraft:deaths":1,"minecraft:walk_under_water_one_cm":17312,"minecraft:boat_one_cm":222760,"minecraft:jump":958,"minecraft:walk_on_water_one_cm":7848,"minecraft:total_world_time":78637,"minecraft:fall_one_cm":11689},"minecraft:crafted":{"minecraft:sugar":5,"minecraft:wooden_sword":1,"minecraft:oak_planks":84,"minecraft:crafting_table":3,"minecraft:dried_kelp":23,"minecraft:wooden_pickaxe":2,"minecraft:iron_sword":2,"minecraft:birch_planks":96,"minecraft:stone_axe":2,"minecraft:oak_boat":1,"minecraft:shield":2,"minecraft:stick":32,"minecraft:iron_ingot":28,"minecraft:iron_pickaxe":2,"minecraft:stone_pickaxe":3,"minecraft:wooden_axe":1,"minecraft:stone_sword":1,"minecraft:chest":2,"minecraft:white_bed":2},"minecraft:killed":{"minecraft:skeleton":1,"minecraft:sheep":7},"minecraft:killed_by":{"minecraft:skeleton":1},"minecraft:dropped":{"minecraft:iron_sword":1,"minecraft:cobblestone":1,"minecraft:white_bed":1,"minecraft:coal":10,"minecraft:shield":2,"minecraft:mutton":18,"minecraft:iron_pickaxe":1},"minecraft:picked_up":{"minecraft:iron_chestplate":1,"minecraft:birch_log":38,"minecraft:crafting_table":5,"minecraft:feather":8,"minecraft:andesite":21,"minecraft:wooden_pickaxe":1,"minecraft:oak_stairs":1,"minecraft:flint":1,"minecraft:oak_log":21,"minecraft:shield":1,"minecraft:lapis_lazuli":74,"minecraft:dirt":9,"minecraft:raw_copper":4,"minecraft:iron_leggings":1,"minecraft:cooked_mutton":4,"minecraft:bone":5,"minecraft:beetroot":1,"minecraft:kelp":48,"minecraft:bow":1,"minecraft:wheat_seeds":2,"minecraft:cobbled_deepslate":31,"minecraft:raw_gold":5,"minecraft:stone_pickaxe":1,"minecraft:cooked_chicken":1,"minecraft:oak_boat":1,"minecraft:iron_pickaxe":1,"minecraft:sugar_cane":5,"minecraft:oak_planks":8,"minecraft:furnace":1,"minecraft:stick":2,"minecraft:raw_iron":27,"minecraft:torch":13,"minecraft:gravel":28,"minecraft:dried_kelp":9,"minecraft:diorite":20,"minecraft:redstone":48,"minecraft:arrow":2,"minecraft:rotten_flesh":2,"minecraft:diamond":4,"minecraft:beetroot_seeds":4,"minecraft:iron_helmet":1,"minecraft:granite":22,"minecraft:gray_wool":1,"minecraft:mutton":18,"minecraft:coal":21,"minecraft:white_wool":6,"minecraft:cobblestone":187},"minecraft:broken":{"minecraft:stone_pickaxe":1},"minecraft:used":{"minecraft:beetroot":1,"minecraft:cooked_mutton":2,"minecraft:stone_sword":3,"minecraft:stone_pickaxe":215,"minecraft:dried_kelp":32,"minecraft:chest":2,"minecraft:wooden_pickaxe":48,"minecraft:iron_sword":6,"minecraft:cooked_chicken":1,"minecraft:iron_chestplate":1,"minecraft:torch":5,"minecraft:dirt":2,"minecraft:crafting_table":7,"minecraft:white_bed":1,"minecraft:wooden_axe":16,"minecraft:iron_pickaxe":30,"minecraft:stone_axe":28,"minecraft:wooden_sword":39,"minecraft:cobblestone":46,"minecraft:furnace":1,"minecraft:oak_boat":1}},"DataVersion":3105}