{"stats":{"minecraft:mined":{"minecraft:white_bed":2,"minecraft:deepslate_diamond_ore":13,"minecraft:granite":43,"minecraft:grass_block":3,"minecraft:furnace":1,"minecraft:iron_ore":25,"minecraft:cobbled_deepslate":9,"minecraft:andesite":22,"minecraft:deepslate_lapis_ore":3,"minecraft:deepslate_iron_ore":6,"minecraft:oak_stairs":1,"minecraft:stone":151,"minecraft:deepslate_redstone_ore":11,"minecraft:amethyst_cluster":1,"minecraft:crafting_table":5,"minecraft:cobblestone":12,"minecraft:lapis_ore":8,"minecraft:deepslate_gold_ore":5,"minecraft:sugar_cane":3,"minecraft:oak_planks":11,"minecraft:diorite":1,"minecraft:wall_torch":2,"minecraft:amethyst_block":7,"minecraft:birch_planks":1,"minecraft:birch_log":49,"minecraft:lilac":1,"minecraft:birch_leaves":2,"minecraft:grass":8,"minecraft:oak_log":27,"minecraft:coal_ore":8,"minecraft:beetroots":2,"minecraft:gravel":13,"minecraft:dirt":9,"minecraft:smooth_basalt":4,"minecraft:oak_leaves":13,"minecraft:deepslate":106},"minecraft:picked_up":{"minecraft:crafting_table":5,"minecraft:iron_chestplate":4,"minecraft:wooden_pickaxe":1,"minecraft:oak_stairs":1,"minecraft:shield":6,"minecraft:amethyst_block":30,"minecraft:string":6,"minecraft:raw_copper":4,"minecraft:moss_carpet":6,"minecraft:wooden_sword":2,"minecraft:iron_leggings":5,"minecraft:beetroot":1,"minecraft:cobbled_deepslate":263,"minecraft:oak_boat":2,"minecraft:calcite":151,"minecraft:iron_pickaxe":10,"minecraft:sugar_cane":5,"minecraft:egg":1,"minecraft:furnace":1,"minecraft:stick":57,"minecraft:raw_iron":67,"minecraft:torch":132,"minecraft:dried_kelp":158,"minecraft:diorite":70,"minecraft:redstone":48,"minecraft:stone_sword":2,"minecraft:arrow":19,"minecraft:rotten_flesh":25,"minecraft:beetroot_seeds":4,"minecraft:mutton":18,"minecraft:white_wool":6,"minecraft:cobblestone":213,"minecraft:birch_log":63,"minecraft:feather":8,"minecraft:lilac":3,"minecraft:andesite":29,"minecraft:birch_planks":340,"minecraft:flint":1,"minecraft:tuff":3,"minecraft:oak_log":28,"minecraft:lapis_lazuli":74,"minecraft:dirt":14,"minecraft:cooked_mutton":4,"minecraft:bone":17,"minecraft:kelp":48,"minecraft:bow":5,"minecraft:wheat_seeds":2,"minecraft:raw_gold":5,"minecraft:cooked_chicken":1,"minecraft:stone_pickaxe":3,"minecraft:iron_ingot":40,"minecraft:oak_planks":11,"minecraft:iron_sword":5,"minecraft:smooth_basalt":9,"minecraft:gravel":31,"minecraft:amethyst_shard":4,"minecraft:white_bed":2,"minecraft:diamond":13,"minecraft:iron_helmet":5,"minecraft:granite":105,"minecraft:gray_wool":1,"minecraft:oak_sapling":2,"minecraft:coal":48},"minecraft:used":{"minecraft:beetroot":1,"minecraft:stone_sword":9,"minecraft:dried_kelp":77,"minecraft:chest":2,"minecraft:shield":88,"minecraft:iron_sword":33,"minecraft:cooked_chicken":1,"minecraft:iron_chestplate":3,"minecraft:torch":8,"minecraft:dirt":5,"minecraft:wooden_axe":16,"minecraft:iron_helmet":1,"minecraft:smooth_basalt":3,"minecraft:furnace":2,"minecraft:egg":1,"minecraft:cobbled_deepslate":38,"minecraft:cooked_mutton":4,"minecraft:amethyst_block":17,"minecraft:birch_planks":10,"minecraft:stone_pickaxe":383,"minecraft:wooden_pickaxe":52,"minecraft:crafting_table":8,"minecraft:white_bed":3,"minecraft:iron_pickaxe":136,"minecraft:gravel":1,"minecraft:stone_axe":28,"minecraft:wooden_sword":60,"minecraft:cobblestone":72,"minecraft:oak_boat":2},"minecraft:killed":{"minecraft:skeleton":4,"minecraft:sheep":7,"minecraft:zombie":9},"minecraft:killed_by":{"minecraft:creeper":1,"minecraft:spider":1,"minecraft:skeleton":7,"minecraft:zombie":6},"minecraft:broken":{"minecraft:wooden_pickaxe":1,"minecraft:stone_pickaxe":3,"minecraft:wooden_sword":1},"minecraft:custom":{"minecraft:mob_kills":25,"minecraft:interact_with_crafting_table":43,"minecraft:leave_game":6,"minecraft:time_since_death":5452,"minecraft:climb_one_cm":247,"minecraft:sprint_one_cm":238407,"minecraft:walk_one_cm":610185,"minecraft:damage_blocked_by_shield":4050,"minecraft:drop":18,"minecraft:play_time":178909,"minecraft:deaths":18,"minecraft:sneak_time":268,"minecraft:walk_under_water_one_cm":41779,"minecraft:boat_one_cm":227592,"minecraft:jump":2401,"minecraft:walk_on_water_one_cm":29809,"minecraft:total_world_time":178909,"minecraft:interact_with_furnace":39,"minecraft:sleep_in_bed":7,"minecraft:time_since_rest":5485,"minecraft:damage_taken":5796,"minecraft:damage_dealt":3307,"minecraft:swim_one_cm":40,"minecraft:fly_one_cm":89572,"minecraft:open_chest":32,"minecraft:crouch_one_cm":17,"minecraft:fall_one_cm":60063},"minecraft:crafted":{"minecraft:wooden_sword":1,"minecraft:oak_planks":112,"minecraft:furnace":1,"minecraft:stone_pickaxe":5,"minecraft:chest":2,"minecraft:sugar":5,"minecraft:crafting_table":4,"minecraft:dried_kelp":31,"minecraft:wooden_pickaxe":2,"minecraft:iron_sword":2,"minecraft:birch_planks":188,"minecraft:stone_axe":2,"minecraft:oak_boat":2,"minecraft:shield":3,"minecraft:stick":48,"minecraft:iron_ingot":34,"minecraft:iron_pickaxe":3,"minecraft:wooden_axe":1,"minecraft:stone_sword":2,"minecraft:white_bed":2},"minecraft:dropped":{"minecraft:iron_sword":1,"minecraft:cobblestone":1,"minecraft:coal":10,"minecraft:mutton":18,"minecraft:iron_pickaxe":1,"minecraft:white_bed":1,"minecraft:shield":2,"minecraft:oak_sapling":1}},"DataVersion":3105}