{"stats":{"minecraft:custom":{"minecraft:time_since_rest":12458,"minecraft:interact_with_furnace":4,"minecraft:sprint_one_cm":16317,"minecraft:play_time":12458,"minecraft:damage_taken":540,"minecraft:walk_one_cm":43961,"minecraft:walk_under_water_one_cm":555,"minecraft:mob_kills":4,"minecraft:jump":86,"minecraft:damage_dealt":468,"minecraft:leave_game":5,"minecraft:time_since_death":12458,"minecraft:walk_on_water_one_cm":1054,"minecraft:total_world_time":12458,"minecraft:interact_with_crafting_table":2,"minecraft:fall_one_cm":975,"minecraft:fly_one_cm":4531},"minecraft:crafted":{"minecraft:cooked_beef":4,"minecraft:furnace":1,"minecraft:oak_planks":28,"minecraft:stick":12,"minecraft:wooden_pickaxe":1},"minecraft:picked_up":{"minecraft:stick":2,"minecraft:crafting_table":1,"minecraft:arrow":2,"minecraft:bone":1,"minecraft:rotten_flesh":2,"minecraft:leather":5,"minecraft:wheat_seeds":4,"minecraft:beef":4,"minecraft:oak_log":7,"minecraft:oak_sapling":5,"minecraft:oak_planks":10,"minecraft:cobblestone":11,"minecraft:furnace":1},"minecraft:mined":{"minecraft:grass":31,"minecraft:oak_log":7,"minecraft:furnace":1,"minecraft:stone":12,"minecraft:oak_leaves":2},"minecraft:killed":{"minecraft:cow":3},"minecraft:used":{"minecraft:crafting_table":1,"minecraft:furnace":1,"minecraft:oak_planks":6,"minecraft:wooden_pickaxe":13,"minecraft:cooked_beef":2}},"DataVersion":3120}