{"stats":{"minecraft:custom":{"minecraft:jump":45,"minecraft:walk_on_water_one_cm":1054,"minecraft:time_since_rest":6720,"minecraft:damage_dealt":166,"minecraft:leave_game":4,"minecraft:play_time":6720,"minecraft:sprint_one_cm":10673,"minecraft:damage_taken":490,"minecraft:time_since_death":6720,"minecraft:walk_one_cm":19267,"minecraft:total_world_time":6720,"minecraft:walk_under_water_one_cm":555,"minecraft:mob_kills":1,"minecraft:fly_one_cm":4187},"minecraft:mined":{"minecraft:grass":1,"minecraft:oak_leaves":2,"minecraft:oak_log":5},"minecraft:picked_up":{"minecraft:stick":2,"minecraft:crafting_table":1,"minecraft:bone":1,"minecraft:arrow":2,"minecraft:rotten_flesh":2,"minecraft:oak_sapling":5,"minecraft:oak_log":5}},"DataVersion":3120}