{"stats":{"minecraft:mined":{"minecraft:deepslate_redstone_ore":11,"minecraft:deepslate_diamond_ore":4,"minecraft:amethyst_cluster":1,"minecraft:crafting_table":5,"minecraft:granite":43,"minecraft:grass_block":3,"minecraft:cobblestone":12,"minecraft:lapis_ore":8,"minecraft:deepslate_gold_ore":5,"minecraft:sugar_cane":3,"minecraft:oak_planks":8,"minecraft:diorite":1,"minecraft:wall_torch":1,"minecraft:amethyst_block":4,"minecraft:furnace":1,"minecraft:birch_log":24,"minecraft:iron_ore":25,"minecraft:andesite":21,"minecraft:birch_leaves":1,"minecraft:deepslate_lapis_ore":3,"minecraft:grass":7,"minecraft:oak_log":20,"minecraft:coal_ore":8,"minecraft:beetroots":2,"minecraft:deepslate_iron_ore":6,"minecraft:oak_stairs":1,"minecraft:gravel":11,"minecraft:dirt":6,"minecraft:smooth_basalt":2,"minecraft:stone":139,"minecraft:oak_leaves":6,"minecraft:deepslate":91},"minecraft:custom":{"minecraft:interact_with_furnace":16,"minecraft:mob_kills":13,"minecraft:interact_with_crafting_table":29,"minecraft:leave_game":2,"minecraft:time_since_death":82585,"minecraft:sleep_in_bed":2,"minecraft:climb_one_cm":247,"minecraft:time_since_rest":36047,"minecraft:sprint_one_cm":71297,"minecraft:damage_taken":1065,"minecraft:walk_one_cm":311354,"minecraft:damage_blocked_by_shield":560,"minecraft:drop":17,"minecraft:damage_dealt":988,"minecraft:fly_one_cm":31105,"minecraft:open_chest":11,"minecraft:crouch_one_cm":17,"minecraft:play_time":102637,"minecraft:sneak_time":268,"minecraft:deaths":1,"minecraft:walk_under_water_one_cm":24059,"minecraft:boat_one_cm":222760,"minecraft:jump":1235,"minecraft:walk_on_water_one_cm":9755,"minecraft:total_world_time":102637,"minecraft:fall_one_cm":18837},"minecraft:crafted":{"minecraft:sugar":5,"minecraft:wooden_sword":1,"minecraft:oak_planks":84,"minecraft:crafting_table":3,"minecraft:dried_kelp":23,"minecraft:wooden_pickaxe":2,"minecraft:iron_sword":2,"minecraft:birch_planks":96,"minecraft:stone_axe":2,"minecraft:oak_boat":1,"minecraft:shield":2,"minecraft:stick":32,"minecraft:iron_ingot":28,"minecraft:iron_pickaxe":2,"minecraft:stone_pickaxe":4,"minecraft:wooden_axe":1,"minecraft:stone_sword":1,"minecraft:chest":2,"minecraft:white_bed":2},"minecraft:killed":{"minecraft:skeleton":1,"minecraft:sheep":7,"minecraft:zombie":1},"minecraft:killed_by":{"minecraft:skeleton":1},"minecraft:dropped":{"minecraft:iron_sword":1,"minecraft:cobblestone":1,"minecraft:white_bed":1,"minecraft:coal":10,"minecraft:shield":2,"minecraft:mutton":18,"minecraft:iron_pickaxe":1},"minecraft:picked_up":{"minecraft:iron_chestplate":1,"minecraft:birch_log":38,"minecraft:crafting_table":5,"minecraft:feather":8,"minecraft:andesite":21,"minecraft:wooden_pickaxe":1,"minecraft:oak_stairs":1,"minecraft:flint":1,"minecraft:tuff":1,"minecraft:oak_log":21,"minecraft:shield":1,"minecraft:amethyst_block":4,"minecraft:lapis_lazuli":74,"minecraft:dirt":9,"minecraft:raw_copper":4,"minecraft:iron_leggings":1,"minecraft:cooked_mutton":4,"minecraft:bone":5,"minecraft:beetroot":1,"minecraft:kelp":48,"minecraft:bow":1,"minecraft:wheat_seeds":2,"minecraft:cobbled_deepslate":92,"minecraft:raw_gold":5,"minecraft:stone_pickaxe":1,"minecraft:cooked_chicken":1,"minecraft:oak_boat":1,"minecraft:iron_pickaxe":1,"minecraft:sugar_cane":5,"minecraft:oak_planks":8,"minecraft:furnace":1,"minecraft:stick":2,"minecraft:raw_iron":31,"minecraft:smooth_basalt":2,"minecraft:torch":13,"minecraft:gravel":28,"minecraft:amethyst_shard":4,"minecraft:dried_kelp":9,"minecraft:diorite":22,"minecraft:redstone":48,"minecraft:arrow":4,"minecraft:rotten_flesh":3,"minecraft:diamond":4,"minecraft:beetroot_seeds":4,"minecraft:iron_helmet":1,"minecraft:granite":41,"minecraft:gray_wool":1,"minecraft:mutton":18,"minecraft:coal":21,"minecraft:white_wool":6,"minecraft:cobblestone":192},"minecraft:broken":{"minecraft:stone_pickaxe":2},"minecraft:used":{"minecraft:beetroot":1,"minecraft:cooked_mutton":4,"minecraft:stone_sword":3,"minecraft:stone_pickaxe":309,"minecraft:dried_kelp":32,"minecraft:shield":12,"minecraft:chest":2,"minecraft:wooden_pickaxe":48,"minecraft:iron_sword":15,"minecraft:cooked_chicken":1,"minecraft:iron_chestplate":1,"minecraft:torch":7,"minecraft:dirt":2,"minecraft:crafting_table":7,"minecraft:white_bed":1,"minecraft:wooden_axe":16,"minecraft:iron_pickaxe":34,"minecraft:stone_axe":28,"minecraft:wooden_sword":39,"minecraft:cobblestone":66,"minecraft:furnace":1,"minecraft:oak_boat":1,"minecraft:cobbled_deepslate":11}},"DataVersion":3105}