{"stats":{"minecraft:mined":{"minecraft:deepslate_redstone_ore":11,"minecraft:white_bed":1,"minecraft:deepslate_diamond_ore":4,"minecraft:amethyst_cluster":1,"minecraft:crafting_table":5,"minecraft:granite":43,"minecraft:grass_block":3,"minecraft:cobblestone":12,"minecraft:lapis_ore":8,"minecraft:deepslate_gold_ore":5,"minecraft:oak_planks":8,"minecraft:sugar_cane":3,"minecraft:diorite":1,"minecraft:wall_torch":1,"minecraft:amethyst_block":4,"minecraft:furnace":1,"minecraft:birch_log":24,"minecraft:iron_ore":25,"minecraft:cobbled_deepslate":1,"minecraft:birch_leaves":1,"minecraft:andesite":21,"minecraft:deepslate_lapis_ore":3,"minecraft:grass":7,"minecraft:oak_log":20,"minecraft:coal_ore":8,"minecraft:deepslate_iron_ore":6,"minecraft:beetroots":2,"minecraft:oak_stairs":1,"minecraft:gravel":11,"minecraft:dirt":6,"minecraft:smooth_basalt":2,"minecraft:stone":139,"minecraft:oak_leaves":6,"minecraft:deepslate":93},"minecraft:custom":{"minecraft:interact_with_furnace":16,"minecraft:mob_kills":13,"minecraft:interact_with_crafting_table":30,"minecraft:leave_game":4,"minecraft:time_since_death":700,"minecraft:sleep_in_bed":4,"minecraft:climb_one_cm":247,"minecraft:time_since_rest":734,"minecraft:sprint_one_cm":88375,"minecraft:damage_taken":2044,"minecraft:walk_one_cm":360321,"minecraft:damage_blocked_by_shield":1185,"minecraft:drop":17,"minecraft:damage_dealt":988,"minecraft:swim_one_cm":40,"minecraft:fly_one_cm":37753,"minecraft:open_chest":19,"minecraft:crouch_one_cm":17,"minecraft:play_time":114473,"minecraft:sneak_time":268,"minecraft:deaths":5,"minecraft:walk_under_water_one_cm":34822,"minecraft:boat_one_cm":222760,"minecraft:jump":1427,"minecraft:walk_on_water_one_cm":14951,"minecraft:total_world_time":114473,"minecraft:fall_one_cm":30926},"minecraft:crafted":{"minecraft:sugar":5,"minecraft:wooden_sword":1,"minecraft:oak_planks":84,"minecraft:crafting_table":3,"minecraft:dried_kelp":23,"minecraft:wooden_pickaxe":2,"minecraft:iron_sword":2,"minecraft:birch_planks":96,"minecraft:stone_axe":2,"minecraft:oak_boat":1,"minecraft:shield":2,"minecraft:stick":32,"minecraft:iron_ingot":28,"minecraft:iron_pickaxe":2,"minecraft:stone_pickaxe":4,"minecraft:wooden_axe":1,"minecraft:stone_sword":1,"minecraft:chest":2,"minecraft:white_bed":2},"minecraft:killed":{"minecraft:sheep":7,"minecraft:skeleton":1,"minecraft:zombie":1},"minecraft:killed_by":{"minecraft:skeleton":1,"minecraft:zombie":3},"minecraft:dropped":{"minecraft:iron_sword":1,"minecraft:cobblestone":1,"minecraft:white_bed":1,"minecraft:coal":10,"minecraft:shield":2,"minecraft:mutton":18,"minecraft:iron_pickaxe":1},"minecraft:picked_up":{"minecraft:birch_log":38,"minecraft:iron_chestplate":3,"minecraft:crafting_table":5,"minecraft:feather":8,"minecraft:andesite":23,"minecraft:wooden_pickaxe":1,"minecraft:oak_stairs":1,"minecraft:birch_planks":69,"minecraft:flint":1,"minecraft:tuff":2,"minecraft:oak_log":21,"minecraft:shield":2,"minecraft:amethyst_block":4,"minecraft:lapis_lazuli":74,"minecraft:dirt":9,"minecraft:moss_carpet":4,"minecraft:raw_copper":4,"minecraft:wooden_sword":1,"minecraft:iron_leggings":1,"minecraft:cooked_mutton":4,"minecraft:bone":5,"minecraft:beetroot":1,"minecraft:kelp":48,"minecraft:bow":1,"minecraft:wheat_seeds":2,"minecraft:cobbled_deepslate":187,"minecraft:raw_gold":5,"minecraft:iron_ingot":16,"minecraft:calcite":87,"minecraft:stone_pickaxe":1,"minecraft:cooked_chicken":1,"minecraft:oak_boat":1,"minecraft:iron_pickaxe":5,"minecraft:sugar_cane":5,"minecraft:oak_planks":8,"minecraft:furnace":1,"minecraft:raw_iron":35,"minecraft:stick":2,"minecraft:smooth_basalt":4,"minecraft:torch":72,"minecraft:gravel":28,"minecraft:dried_kelp":110,"minecraft:amethyst_shard":4,"minecraft:diorite":54,"minecraft:white_bed":1,"minecraft:redstone":48,"minecraft:arrow":8,"minecraft:rotten_flesh":10,"minecraft:diamond":4,"minecraft:beetroot_seeds":4,"minecraft:iron_helmet":3,"minecraft:granite":73,"minecraft:gray_wool":1,"minecraft:mutton":18,"minecraft:coal":39,"minecraft:white_wool":6,"minecraft:cobblestone":192},"minecraft:broken":{"minecraft:stone_pickaxe":2},"minecraft:used":{"minecraft:beetroot":1,"minecraft:cooked_mutton":4,"minecraft:stone_sword":3,"minecraft:stone_pickaxe":311,"minecraft:dried_kelp":37,"minecraft:wooden_pickaxe":48,"minecraft:chest":2,"minecraft:shield":24,"minecraft:iron_sword":15,"minecraft:cooked_chicken":1,"minecraft:iron_chestplate":2,"minecraft:torch":7,"minecraft:dirt":2,"minecraft:crafting_table":7,"minecraft:white_bed":2,"minecraft:wooden_axe":16,"minecraft:iron_pickaxe":35,"minecraft:wooden_sword":39,"minecraft:stone_axe":28,"minecraft:cobblestone":72,"minecraft:furnace":1,"minecraft:oak_boat":1,"minecraft:cobbled_deepslate":15}},"DataVersion":3105}