{"stats":{"minecraft:mined":{"minecraft:deepslate_redstone_ore":11,"minecraft:white_bed":1,"minecraft:deepslate_diamond_ore":4,"minecraft:amethyst_cluster":1,"minecraft:crafting_table":5,"minecraft:granite":43,"minecraft:grass_block":3,"minecraft:cobblestone":12,"minecraft:deepslate_gold_ore":5,"minecraft:lapis_ore":8,"minecraft:oak_planks":11,"minecraft:sugar_cane":3,"minecraft:diorite":1,"minecraft:wall_torch":1,"minecraft:amethyst_block":4,"minecraft:furnace":1,"minecraft:birch_log":26,"minecraft:iron_ore":25,"minecraft:cobbled_deepslate":6,"minecraft:lilac":1,"minecraft:birch_leaves":1,"minecraft:andesite":21,"minecraft:deepslate_lapis_ore":3,"minecraft:grass":7,"minecraft:coal_ore":8,"minecraft:oak_log":27,"minecraft:deepslate_iron_ore":6,"minecraft:beetroots":2,"minecraft:oak_stairs":1,"minecraft:gravel":13,"minecraft:dirt":7,"minecraft:smooth_basalt":2,"minecraft:stone":139,"minecraft:oak_leaves":13,"minecraft:deepslate":93},"minecraft:custom":{"minecraft:interact_with_furnace":16,"minecraft:mob_kills":17,"minecraft:interact_with_crafting_table":31,"minecraft:leave_game":5,"minecraft:time_since_death":4494,"minecraft:sleep_in_bed":4,"minecraft:climb_one_cm":247,"minecraft:time_since_rest":4543,"minecraft:sprint_one_cm":191404,"minecraft:damage_taken":3441,"minecraft:walk_one_cm":484046,"minecraft:damage_blocked_by_shield":1565,"minecraft:drop":18,"minecraft:damage_dealt":1820,"minecraft:swim_one_cm":40,"minecraft:fly_one_cm":71755,"minecraft:open_chest":20,"minecraft:crouch_one_cm":17,"minecraft:play_time":138390,"minecraft:sneak_time":268,"minecraft:deaths":9,"minecraft:walk_under_water_one_cm":37849,"minecraft:boat_one_cm":227592,"minecraft:jump":1872,"minecraft:walk_on_water_one_cm":20691,"minecraft:total_world_time":138390,"minecraft:fall_one_cm":41594},"minecraft:crafted":{"minecraft:sugar":5,"minecraft:wooden_sword":1,"minecraft:oak_planks":112,"minecraft:crafting_table":4,"minecraft:dried_kelp":23,"minecraft:wooden_pickaxe":2,"minecraft:iron_sword":2,"minecraft:birch_planks":96,"minecraft:stone_axe":2,"minecraft:oak_boat":2,"minecraft:shield":2,"minecraft:stick":32,"minecraft:iron_ingot":28,"minecraft:iron_pickaxe":2,"minecraft:stone_pickaxe":4,"minecraft:wooden_axe":1,"minecraft:stone_sword":1,"minecraft:chest":2,"minecraft:white_bed":2},"minecraft:killed":{"minecraft:sheep":7,"minecraft:skeleton":1,"minecraft:zombie":5},"minecraft:killed_by":{"minecraft:skeleton":2,"minecraft:creeper":1,"minecraft:spider":1,"minecraft:zombie":4},"minecraft:dropped":{"minecraft:iron_sword":1,"minecraft:cobblestone":1,"minecraft:white_bed":1,"minecraft:coal":10,"minecraft:shield":2,"minecraft:mutton":18,"minecraft:oak_sapling":1,"minecraft:iron_pickaxe":1},"minecraft:picked_up":{"minecraft:birch_log":40,"minecraft:iron_chestplate":4,"minecraft:crafting_table":5,"minecraft:feather":8,"minecraft:lilac":1,"minecraft:andesite":25,"minecraft:wooden_pickaxe":1,"minecraft:oak_stairs":1,"minecraft:birch_planks":138,"minecraft:flint":1,"minecraft:tuff":3,"minecraft:oak_log":28,"minecraft:shield":3,"minecraft:amethyst_block":4,"minecraft:lapis_lazuli":74,"minecraft:dirt":10,"minecraft:moss_carpet":6,"minecraft:raw_copper":4,"minecraft:wooden_sword":2,"minecraft:iron_leggings":1,"minecraft:cooked_mutton":4,"minecraft:bone":5,"minecraft:beetroot":1,"minecraft:kelp":48,"minecraft:bow":1,"minecraft:wheat_seeds":2,"minecraft:cobbled_deepslate":239,"minecraft:raw_gold":5,"minecraft:iron_ingot":32,"minecraft:stone_pickaxe":1,"minecraft:cooked_chicken":1,"minecraft:oak_boat":2,"minecraft:calcite":151,"minecraft:iron_pickaxe":7,"minecraft:sugar_cane":5,"minecraft:oak_planks":11,"minecraft:egg":1,"minecraft:furnace":1,"minecraft:raw_iron":39,"minecraft:stick":2,"minecraft:smooth_basalt":6,"minecraft:torch":131,"minecraft:gravel":30,"minecraft:dried_kelp":158,"minecraft:amethyst_shard":4,"minecraft:diorite":70,"minecraft:white_bed":1,"minecraft:redstone":48,"minecraft:arrow":11,"minecraft:rotten_flesh":15,"minecraft:diamond":4,"minecraft:beetroot_seeds":4,"minecraft:iron_helmet":3,"minecraft:granite":105,"minecraft:gray_wool":1,"minecraft:oak_sapling":2,"minecraft:mutton":18,"minecraft:coal":48,"minecraft:white_wool":6,"minecraft:cobblestone":192},"minecraft:broken":{"minecraft:stone_pickaxe":2,"minecraft:wooden_sword":1},"minecraft:used":{"minecraft:beetroot":1,"minecraft:cooked_mutton":4,"minecraft:amethyst_block":1,"minecraft:stone_sword":3,"minecraft:stone_pickaxe":311,"minecraft:dried_kelp":69,"minecraft:wooden_pickaxe":48,"minecraft:chest":2,"minecraft:shield":33,"minecraft:iron_sword":15,"minecraft:cooked_chicken":1,"minecraft:iron_chestplate":3,"minecraft:torch":7,"minecraft:dirt":3,"minecraft:crafting_table":8,"minecraft:white_bed":2,"minecraft:wooden_axe":16,"minecraft:iron_pickaxe":106,"minecraft:gravel":1,"minecraft:smooth_basalt":2,"minecraft:wooden_sword":60,"minecraft:stone_axe":28,"minecraft:cobblestone":72,"minecraft:furnace":1,"minecraft:oak_boat":2,"minecraft:cobbled_deepslate":28}},"DataVersion":3105}