{"stats":{"minecraft:mined":{"minecraft:deepslate_redstone_ore":11,"minecraft:deepslate_diamond_ore":4,"minecraft:crafting_table":5,"minecraft:granite":4,"minecraft:grass_block":3,"minecraft:cobblestone":9,"minecraft:deepslate_gold_ore":5,"minecraft:sugar_cane":3,"minecraft:oak_planks":8,"minecraft:wall_torch":1,"minecraft:furnace":1,"minecraft:birch_log":24,"minecraft:iron_ore":23,"minecraft:andesite":17,"minecraft:birch_leaves":1,"minecraft:deepslate_lapis_ore":3,"minecraft:grass":7,"minecraft:oak_log":20,"minecraft:coal_ore":6,"minecraft:beetroots":2,"minecraft:deepslate_iron_ore":2,"minecraft:oak_stairs":1,"minecraft:dirt":6,"minecraft:stone":71,"minecraft:oak_leaves":6,"minecraft:deepslate":11},"minecraft:custom":{"minecraft:interact_with_furnace":13,"minecraft:mob_kills":10,"minecraft:interact_with_crafting_table":25,"minecraft:leave_game":2,"minecraft:time_since_death":46585,"minecraft:sleep_in_bed":2,"minecraft:climb_one_cm":247,"minecraft:time_since_rest":47,"minecraft:sprint_one_cm":67114,"minecraft:damage_taken":765,"minecraft:walk_one_cm":218358,"minecraft:drop":17,"minecraft:damage_dealt":744,"minecraft:fly_one_cm":29729,"minecraft:open_chest":8,"minecraft:play_time":66637,"minecraft:sneak_time":171,"minecraft:deaths":1,"minecraft:walk_under_water_one_cm":17312,"minecraft:boat_one_cm":222760,"minecraft:jump":825,"minecraft:walk_on_water_one_cm":7848,"minecraft:total_world_time":66637,"minecraft:fall_one_cm":10785},"minecraft:crafted":{"minecraft:sugar":5,"minecraft:wooden_sword":1,"minecraft:oak_planks":84,"minecraft:crafting_table":2,"minecraft:dried_kelp":23,"minecraft:wooden_pickaxe":2,"minecraft:iron_sword":2,"minecraft:birch_planks":96,"minecraft:stone_axe":2,"minecraft:oak_boat":1,"minecraft:shield":2,"minecraft:stick":24,"minecraft:iron_ingot":28,"minecraft:iron_pickaxe":2,"minecraft:stone_pickaxe":2,"minecraft:wooden_axe":1,"minecraft:stone_sword":1,"minecraft:chest":2,"minecraft:white_bed":2},"minecraft:killed":{"minecraft:skeleton":1,"minecraft:sheep":7},"minecraft:killed_by":{"minecraft:skeleton":1},"minecraft:dropped":{"minecraft:iron_sword":1,"minecraft:cobblestone":1,"minecraft:white_bed":1,"minecraft:coal":10,"minecraft:shield":2,"minecraft:mutton":18,"minecraft:iron_pickaxe":1},"minecraft:picked_up":{"minecraft:birch_log":38,"minecraft:crafting_table":5,"minecraft:feather":8,"minecraft:andesite":17,"minecraft:wooden_pickaxe":1,"minecraft:oak_stairs":1,"minecraft:oak_log":21,"minecraft:shield":1,"minecraft:lapis_lazuli":18,"minecraft:dirt":9,"minecraft:raw_copper":4,"minecraft:cooked_mutton":4,"minecraft:bone":5,"minecraft:beetroot":1,"minecraft:kelp":48,"minecraft:bow":1,"minecraft:wheat_seeds":2,"minecraft:cobbled_deepslate":10,"minecraft:raw_gold":5,"minecraft:stone_pickaxe":1,"minecraft:cooked_chicken":1,"minecraft:oak_boat":1,"minecraft:sugar_cane":5,"minecraft:oak_planks":8,"minecraft:furnace":1,"minecraft:stick":2,"minecraft:raw_iron":25,"minecraft:torch":13,"minecraft:gravel":18,"minecraft:dried_kelp":9,"minecraft:diorite":20,"minecraft:redstone":48,"minecraft:arrow":2,"minecraft:rotten_flesh":2,"minecraft:diamond":4,"minecraft:beetroot_seeds":4,"minecraft:granite":7,"minecraft:gray_wool":1,"minecraft:mutton":18,"minecraft:coal":19,"minecraft:white_wool":6,"minecraft:cobblestone":118},"minecraft:used":{"minecraft:beetroot":1,"minecraft:cooked_mutton":1,"minecraft:stone_sword":3,"minecraft:stone_pickaxe":92,"minecraft:dried_kelp":32,"minecraft:chest":2,"minecraft:wooden_pickaxe":48,"minecraft:iron_sword":6,"minecraft:cooked_chicken":1,"minecraft:torch":3,"minecraft:dirt":2,"minecraft:crafting_table":6,"minecraft:white_bed":1,"minecraft:wooden_axe":16,"minecraft:iron_pickaxe":30,"minecraft:stone_axe":28,"minecraft:wooden_sword":39,"minecraft:cobblestone":42,"minecraft:furnace":1,"minecraft:oak_boat":1}},"DataVersion":3105}