{"stats":{"minecraft:dropped":{"minecraft:stick":1,"minecraft:iron_axe":1,"minecraft:wooden_pickaxe":1,"minecraft:stone_pickaxe":1,"minecraft:iron_pickaxe":2},"minecraft:custom":{"minecraft:interact_with_furnace":47,"minecraft:mob_kills":117,"minecraft:interact_with_crafting_table":36,"minecraft:sleep_in_bed":1,"minecraft:leave_game":4,"minecraft:time_since_death":4100,"minecraft:time_since_rest":4137,"minecraft:sprint_one_cm":267549,"minecraft:damage_taken":3707,"minecraft:walk_one_cm":350368,"minecraft:damage_blocked_by_shield":720,"minecraft:drop":6,"minecraft:damage_dealt":15298,"minecraft:damage_dealt_absorbed":100,"minecraft:swim_one_cm":9403,"minecraft:fly_one_cm":333278,"minecraft:play_time":132078,"minecraft:crouch_one_cm":21804,"minecraft:deaths":4,"minecraft:sneak_time":7753,"minecraft:walk_under_water_one_cm":42545,"minecraft:jump":2602,"minecraft:walk_on_water_one_cm":33940,"minecraft:total_world_time":132078,"minecraft:fall_one_cm":75749},"minecraft:crafted":{"minecraft:cooked_beef":2,"minecraft:oak_planks":44,"minecraft:cooked_porkchop":20,"minecraft:crafting_table":4,"minecraft:wooden_pickaxe":1,"minecraft:iron_helmet":1,"minecraft:iron_sword":1,"minecraft:furnace":3,"minecraft:bucket":1,"minecraft:birch_planks":32,"minecraft:stone_axe":1,"minecraft:cooked_mutton":10,"minecraft:iron_boots":1,"minecraft:iron_chestplate":1,"minecraft:shield":1,"minecraft:iron_axe":1,"minecraft:stick":16,"minecraft:iron_ingot":107,"minecraft:iron_pickaxe":3,"minecraft:stone_pickaxe":1,"minecraft:gold_ingot":24,"minecraft:chest":2,"minecraft:iron_leggings":1,"minecraft:white_bed":1},"minecraft:killed_by":{"minecraft:creeper":2},"minecraft:mined":{"minecraft:deepslate_diamond_ore":1,"minecraft:sculk_vein":2,"minecraft:crafting_table":5,"minecraft:glow_lichen":1,"minecraft:granite":8,"minecraft:emerald_ore":2,"minecraft:grass_block":5,"minecraft:tall_grass":15,"minecraft:copper_ore":7,"minecraft:lapis_ore":6,"minecraft:deepslate_gold_ore":18,"minecraft:oak_planks":4,"minecraft:sculk":1,"minecraft:diorite":44,"minecraft:spawner":1,"minecraft:furnace":4,"minecraft:birch_log":7,"minecraft:iron_ore":134,"minecraft:cobbled_deepslate":4,"minecraft:birch_leaves":1,"minecraft:grass":16,"minecraft:oak_log":11,"minecraft:pointed_dripstone":6,"minecraft:coal_ore":94,"minecraft:deepslate_iron_ore":1,"minecraft:gravel":1,"minecraft:dripstone_block":11,"minecraft:dirt":4,"minecraft:cobweb":41,"minecraft:stone":119,"minecraft:gold_ore":6,"minecraft:oak_leaves":9,"minecraft:deepslate":17},"minecraft:picked_up":{"minecraft:birch_log":9,"minecraft:iron_chestplate":2,"minecraft:crafting_table":7,"minecraft:feather":16,"minecraft:chicken":16,"minecraft:leather":57,"minecraft:wooden_pickaxe":2,"minecraft:birch_planks":21,"minecraft:enchanted_book":1,"minecraft:oak_log":11,"minecraft:shield":3,"minecraft:gunpowder":4,"minecraft:lapis_lazuli":108,"minecraft:dirt":87,"minecraft:string":96,"minecraft:raw_copper":83,"minecraft:iron_axe":1,"minecraft:name_tag":1,"minecraft:iron_leggings":2,"minecraft:cooked_mutton":7,"minecraft:bone":33,"minecraft:apple":1,"minecraft:bow":2,"minecraft:wheat_seeds":17,"minecraft:bucket":1,"minecraft:cobbled_deepslate":19,"minecraft:raw_gold":24,"minecraft:beef":80,"minecraft:iron_ingot":70,"minecraft:stone_pickaxe":2,"minecraft:light_gray_wool":4,"minecraft:iron_pickaxe":5,"minecraft:iron_sword":1,"minecraft:chest":4,"minecraft:birch_sapling":2,"minecraft:oak_planks":18,"minecraft:iron_boots":2,"minecraft:furnace":4,"minecraft:stick":1,"minecraft:raw_iron":157,"minecraft:cooked_porkchop":14,"minecraft:pumpkin":1,"minecraft:dripstone_block":25,"minecraft:porkchop":120,"minecraft:pointed_dripstone":27,"minecraft:diorite":100,"minecraft:carrot":1,"minecraft:spider_eye":10,"minecraft:arrow":30,"minecraft:rotten_flesh":32,"minecraft:diamond":1,"minecraft:stone_axe":4,"minecraft:iron_helmet":2,"minecraft:granite":8,"minecraft:gold_ingot":24,"minecraft:bread":4,"minecraft:emerald":4,"sophisticatedbackpacks:copper_backpack":3,"minecraft:oak_sapling":1,"minecraft:mutton":84,"minecraft:coal":197,"minecraft:white_wool":53,"minecraft:cobblestone":141},"minecraft:killed":{"minecraft:cave_spider":2,"minecraft:pig":28,"minecraft:spider":4,"minecraft:creeper":2,"minecraft:sheep":23,"minecraft:skeleton":11,"minecraft:zombie":17,"minecraft:chicken":8,"minecraft:cow":20},"minecraft:broken":{"minecraft:stone_pickaxe":1,"minecraft:iron_axe":1,"minecraft:iron_pickaxe":1},"minecraft:used":{"minecraft:cooked_mutton":10,"minecraft:water_bucket":2,"minecraft:diorite":43,"minecraft:stone_pickaxe":131,"minecraft:oak_planks":7,"minecraft:shield":9,"minecraft:wooden_pickaxe":21,"minecraft:iron_sword":102,"minecraft:dirt":15,"minecraft:crafting_table":9,"minecraft:white_bed":1,"minecraft:dripstone_block":13,"minecraft:granite":8,"minecraft:apple":1,"minecraft:bread":2,"minecraft:iron_axe":135,"minecraft:iron_pickaxe":335,"minecraft:light_gray_wool":1,"minecraft:stone_axe":51,"minecraft:cobblestone":54,"minecraft:furnace":6,"minecraft:cooked_porkchop":6,"minecraft:bucket":2,"minecraft:cobbled_deepslate":19,"minecraft:pumpkin":1,"minecraft:pointed_dripstone":3}},"DataVersion":3120}