{"stats":{"minecraft:mined":{"minecraft:white_bed":1,"minecraft:dark_oak_log":2,"minecraft:granite":2,"minecraft:grass_block":2,"minecraft:tall_grass":8,"minecraft:cobblestone":1,"minecraft:hay_block":6,"minecraft:carrots":28,"minecraft:wheat":43,"minecraft:grass":16,"minecraft:oak_log":15,"minecraft:potatoes":6,"minecraft:coal_ore":54,"minecraft:beetroots":4,"minecraft:dirt":3,"minecraft:stone":43,"minecraft:oak_leaves":7},"minecraft:custom":{"minecraft:mob_kills":15,"minecraft:interact_with_crafting_table":6,"minecraft:bell_ring":7,"minecraft:leave_game":2,"minecraft:time_since_death":9631,"minecraft:sleep_in_bed":1,"minecraft:time_since_rest":9662,"minecraft:sprint_one_cm":93993,"minecraft:damage_taken":1306,"minecraft:walk_one_cm":128486,"minecraft:damage_blocked_by_shield":1165,"minecraft:drop":3,"minecraft:damage_dealt":3398,"minecraft:swim_one_cm":9718,"minecraft:fly_one_cm":154119,"minecraft:open_chest":1,"minecraft:crouch_one_cm":6302,"minecraft:play_time":40462,"minecraft:deaths":2,"minecraft:sneak_time":1726,"minecraft:walk_under_water_one_cm":486,"minecraft:jump":857,"minecraft:walk_on_water_one_cm":319,"minecraft:total_world_time":40462,"minecraft:fall_one_cm":21110},"minecraft:crafted":{"minecraft:oak_planks":20,"minecraft:crafting_table":1,"minecraft:wooden_pickaxe":1,"minecraft:stone_axe":1,"minecraft:bread":18,"minecraft:shield":1,"minecraft:stick":4,"minecraft:iron_pickaxe":1,"minecraft:wheat":54},"minecraft:killed_by":{"minecraft:creeper":1,"minecraft:zombie":1},"minecraft:killed":{"minecraft:pig":1,"minecraft:zombie_villager":1,"minecraft:iron_golem":1,"minecraft:skeleton":2,"minecraft:zombie":8,"minecraft:chicken":1,"minecraft:cow":1},"minecraft:dropped":{"minecraft:stone_axe":3},"minecraft:picked_up":{"minecraft:wheat":2,"minecraft:chicken":1,"minecraft:wooden_pickaxe":1,"minecraft:potato":16,"minecraft:oak_log":19,"minecraft:shield":1,"minecraft:dirt":26,"minecraft:bone":2,"minecraft:apple":2,"minecraft:wheat_seeds":94,"minecraft:beef":6,"minecraft:iron_ingot":4,"minecraft:iron_pickaxe":1,"minecraft:oak_planks":5,"minecraft:egg":4,"minecraft:stick":12,"minecraft:composter":2,"minecraft:dandelion":1,"minecraft:porkchop":1,"minecraft:carrot":58,"minecraft:white_bed":1,"minecraft:dark_oak_log":2,"minecraft:rotten_flesh":15,"minecraft:beetroot_seeds":6,"minecraft:stone_axe":4,"minecraft:hay_block":6,"minecraft:granite":2,"minecraft:bread":14,"minecraft:oak_sapling":5,"minecraft:coal":80,"minecraft:cobblestone":86},"minecraft:used":{"minecraft:wooden_pickaxe":12,"minecraft:shield":13,"minecraft:dirt":6,"minecraft:crafting_table":1,"minecraft:bread":12,"minecraft:iron_pickaxe":88,"minecraft:stone_axe":132,"minecraft:cobblestone":3,"minecraft:beetroot_seeds":2,"minecraft:egg":1,"minecraft:dandelion":1}},"DataVersion":3105}