{"stats":{"minecraft:dropped":{"minecraft:iron_axe":1,"minecraft:wooden_pickaxe":1,"minecraft:stone_pickaxe":1,"minecraft:iron_pickaxe":2},"minecraft:custom":{"minecraft:interact_with_furnace":44,"minecraft:mob_kills":107,"minecraft:interact_with_crafting_table":36,"minecraft:sleep_in_bed":1,"minecraft:leave_game":4,"minecraft:time_since_death":25191,"minecraft:time_since_rest":20331,"minecraft:sprint_one_cm":218709,"minecraft:damage_taken":2973,"minecraft:walk_one_cm":310720,"minecraft:damage_blocked_by_shield":405,"minecraft:drop":5,"minecraft:damage_dealt":13607,"minecraft:damage_dealt_absorbed":100,"minecraft:swim_one_cm":9356,"minecraft:fly_one_cm":270806,"minecraft:play_time":120078,"minecraft:crouch_one_cm":21268,"minecraft:deaths":3,"minecraft:sneak_time":7276,"minecraft:walk_under_water_one_cm":32006,"minecraft:jump":2264,"minecraft:walk_on_water_one_cm":27920,"minecraft:total_world_time":120078,"minecraft:fall_one_cm":63781},"minecraft:crafted":{"minecraft:oak_planks":44,"minecraft:cooked_porkchop":20,"minecraft:crafting_table":4,"minecraft:wooden_pickaxe":1,"minecraft:iron_helmet":1,"minecraft:iron_sword":1,"minecraft:furnace":3,"minecraft:bucket":1,"minecraft:birch_planks":32,"minecraft:stone_axe":1,"minecraft:cooked_mutton":10,"minecraft:iron_boots":1,"minecraft:iron_chestplate":1,"minecraft:shield":1,"minecraft:iron_axe":1,"minecraft:stick":16,"minecraft:iron_ingot":107,"minecraft:iron_pickaxe":3,"minecraft:stone_pickaxe":1,"minecraft:gold_ingot":24,"minecraft:chest":2,"minecraft:iron_leggings":1,"minecraft:white_bed":1},"minecraft:killed_by":{"minecraft:creeper":2},"minecraft:mined":{"minecraft:deepslate_diamond_ore":1,"minecraft:sculk_vein":2,"minecraft:crafting_table":5,"minecraft:glow_lichen":1,"minecraft:granite":8,"minecraft:emerald_ore":2,"minecraft:grass_block":5,"minecraft:tall_grass":15,"minecraft:copper_ore":7,"minecraft:lapis_ore":6,"minecraft:deepslate_gold_ore":18,"minecraft:oak_planks":4,"minecraft:sculk":1,"minecraft:diorite":43,"minecraft:furnace":4,"minecraft:birch_log":7,"minecraft:iron_ore":112,"minecraft:cobbled_deepslate":4,"minecraft:birch_leaves":1,"minecraft:grass":16,"minecraft:oak_log":11,"minecraft:pointed_dripstone":6,"minecraft:coal_ore":94,"minecraft:deepslate_iron_ore":1,"minecraft:dripstone_block":11,"minecraft:dirt":4,"minecraft:stone":112,"minecraft:gold_ore":6,"minecraft:oak_leaves":9,"minecraft:deepslate":17},"minecraft:picked_up":{"minecraft:birch_log":9,"minecraft:iron_chestplate":1,"minecraft:crafting_table":7,"minecraft:feather":8,"minecraft:chicken":8,"minecraft:leather":38,"minecraft:wooden_pickaxe":2,"minecraft:birch_planks":13,"minecraft:oak_log":11,"minecraft:shield":2,"minecraft:gunpowder":4,"minecraft:lapis_lazuli":72,"minecraft:dirt":61,"minecraft:string":7,"minecraft:raw_copper":60,"minecraft:iron_axe":1,"minecraft:iron_leggings":1,"minecraft:cooked_mutton":7,"minecraft:bone":22,"minecraft:apple":1,"minecraft:bow":2,"minecraft:wheat_seeds":16,"minecraft:cobbled_deepslate":19,"minecraft:raw_gold":24,"minecraft:beef":80,"minecraft:iron_ingot":11,"minecraft:stone_pickaxe":2,"minecraft:light_gray_wool":4,"minecraft:iron_pickaxe":4,"minecraft:chest":2,"minecraft:birch_sapling":1,"minecraft:oak_planks":18,"minecraft:iron_boots":1,"minecraft:furnace":4,"minecraft:raw_iron":113,"minecraft:pumpkin":1,"minecraft:dripstone_block":25,"minecraft:porkchop":120,"minecraft:pointed_dripstone":27,"minecraft:diorite":97,"minecraft:carrot":1,"minecraft:spider_eye":4,"minecraft:arrow":19,"minecraft:rotten_flesh":21,"minecraft:diamond":1,"minecraft:stone_axe":3,"minecraft:iron_helmet":1,"minecraft:granite":8,"minecraft:emerald":2,"sophisticatedbackpacks:copper_backpack":2,"minecraft:oak_sapling":1,"minecraft:mutton":57,"minecraft:coal":116,"minecraft:white_wool":39,"minecraft:cobblestone":121},"minecraft:killed":{"minecraft:pig":28,"minecraft:spider":2,"minecraft:creeper":2,"minecraft:sheep":23,"minecraft:skeleton":10,"minecraft:zombie":12,"minecraft:chicken":8,"minecraft:cow":20},"minecraft:broken":{"minecraft:stone_pickaxe":1,"minecraft:iron_axe":1,"minecraft:iron_pickaxe":1},"minecraft:used":{"minecraft:cooked_mutton":10,"minecraft:diorite":43,"minecraft:stone_pickaxe":131,"minecraft:oak_planks":7,"minecraft:shield":7,"minecraft:wooden_pickaxe":21,"minecraft:iron_sword":28,"minecraft:dirt":7,"minecraft:crafting_table":9,"minecraft:white_bed":1,"minecraft:dripstone_block":13,"minecraft:granite":8,"minecraft:apple":1,"minecraft:iron_axe":135,"minecraft:iron_pickaxe":303,"minecraft:light_gray_wool":1,"minecraft:stone_axe":51,"minecraft:cobblestone":54,"minecraft:furnace":6,"minecraft:cooked_porkchop":5,"minecraft:bucket":1,"minecraft:cobbled_deepslate":19,"minecraft:pumpkin":1,"minecraft:pointed_dripstone":3}},"DataVersion":3120}