{"stats":{"minecraft:dropped":{"sophisticatedbackpacks:upgrade_base":1,"minecraft:enchanted_book":3,"minecraft:wheat_seeds":5,"minecraft:cooked_beef":2,"minecraft:diamond":1,"minecraft:dripstone_block":4,"minecraft:leather":10,"minecraft:saddle":2,"minecraft:stick":1,"minecraft:dirt":26,"minecraft:iron_axe":1,"minecraft:iron_pickaxe":2,"minecraft:string":34,"minecraft:gold_ingot":2,"minecraft:bone":8,"minecraft:furnace":2,"minecraft:raw_copper":23,"minecraft:pointed_dripstone":26,"minecraft:rotten_flesh":13,"minecraft:light_gray_wool":1,"sophisticatedbackpacks:backpack":3,"minecraft:name_tag":1,"minecraft:carrot":1,"minecraft:gunpowder":2,"minecraft:oak_sapling":1,"minecraft:spider_eye":1,"sophisticatedbackpacks:copper_backpack":1,"minecraft:bow":1,"minecraft:stone_pickaxe":1,"minecraft:wooden_pickaxe":1},"minecraft:custom":{"minecraft:mob_kills":118,"minecraft:interact_with_crafting_table":45,"minecraft:leave_game":5,"minecraft:time_since_death":16403,"minecraft:sprint_one_cm":277365,"minecraft:walk_one_cm":359643,"minecraft:damage_blocked_by_shield":720,"minecraft:drop":39,"minecraft:damage_dealt_absorbed":100,"minecraft:play_time":144381,"minecraft:deaths":4,"minecraft:sneak_time":7753,"minecraft:walk_under_water_one_cm":42545,"minecraft:jump":2681,"minecraft:walk_on_water_one_cm":33940,"minecraft:total_world_time":144381,"minecraft:interact_with_furnace":76,"minecraft:sleep_in_bed":2,"minecraft:time_since_rest":3651,"minecraft:damage_taken":3717,"minecraft:damage_dealt":15398,"minecraft:swim_one_cm":9403,"minecraft:fly_one_cm":345353,"minecraft:crouch_one_cm":21804,"minecraft:fall_one_cm":76922},"minecraft:crafted":{"minecraft:oak_planks":44,"minecraft:furnace":3,"minecraft:cooked_mutton":10,"minecraft:iron_boots":1,"minecraft:iron_axe":1,"minecraft:stone_pickaxe":1,"minecraft:chest":2,"sophisticatedbackpacks:iron_backpack":1,"minecraft:cooked_beef":40,"sophisticatedbackpacks:backpack":2,"minecraft:cooked_porkchop":60,"minecraft:crafting_table":4,"minecraft:wooden_pickaxe":1,"minecraft:iron_helmet":1,"minecraft:iron_sword":1,"sophisticatedbackpacks:gold_backpack":1,"minecraft:bucket":1,"minecraft:birch_planks":32,"minecraft:stone_axe":1,"sophisticatedbackpacks:upgrade_base":1,"minecraft:iron_chestplate":1,"minecraft:shield":1,"minecraft:stick":16,"minecraft:iron_ingot":134,"minecraft:iron_pickaxe":3,"minecraft:iron_leggings":1,"minecraft:gold_ingot":24,"minecraft:white_bed":1},"minecraft:killed_by":{"minecraft:creeper":2},"minecraft:mined":{"minecraft:deepslate_diamond_ore":1,"minecraft:sculk_vein":2,"minecraft:glow_lichen":1,"minecraft:granite":8,"minecraft:grass_block":5,"minecraft:spawner":1,"minecraft:furnace":4,"minecraft:iron_ore":134,"minecraft:cobbled_deepslate":4,"minecraft:pointed_dripstone":6,"minecraft:deepslate_iron_ore":1,"minecraft:stone":119,"minecraft:crafting_table":5,"minecraft:emerald_ore":2,"minecraft:copper_ore":7,"minecraft:tall_grass":15,"minecraft:deepslate_gold_ore":18,"minecraft:lapis_ore":6,"minecraft:oak_planks":4,"minecraft:sculk":1,"minecraft:diorite":44,"minecraft:birch_log":7,"minecraft:birch_leaves":1,"minecraft:grass":16,"minecraft:coal_ore":94,"minecraft:oak_log":11,"minecraft:dirt":4,"minecraft:dripstone_block":11,"minecraft:gravel":1,"minecraft:cobweb":41,"minecraft:gold_ore":6,"minecraft:oak_leaves":9,"minecraft:deepslate":17},"minecraft:picked_up":{"minecraft:crafting_table":7,"minecraft:iron_chestplate":2,"minecraft:chicken":16,"minecraft:wooden_pickaxe":2,"minecraft:enchanted_book":4,"minecraft:shield":3,"minecraft:string":130,"minecraft:raw_copper":106,"minecraft:iron_axe":1,"minecraft:iron_leggings":2,"minecraft:cobbled_deepslate":19,"minecraft:bucket":1,"minecraft:beef":80,"minecraft:iron_pickaxe":5,"minecraft:light_gray_wool":5,"minecraft:chest":4,"minecraft:birch_sapling":2,"minecraft:furnace":6,"minecraft:iron_boots":2,"minecraft:raw_iron":157,"minecraft:stick":1,"sophisticatedbackpacks:backpack":1,"minecraft:porkchop":120,"minecraft:pointed_dripstone":53,"minecraft:diorite":100,"minecraft:carrot":2,"minecraft:arrow":30,"minecraft:rotten_flesh":45,"minecraft:saddle":2,"minecraft:gold_ingot":26,"sophisticatedbackpacks:copper_backpack":4,"minecraft:mutton":84,"minecraft:cobblestone":141,"minecraft:white_wool":53,"minecraft:birch_log":9,"minecraft:feather":16,"minecraft:cooked_beef":2,"minecraft:leather":67,"minecraft:birch_planks":21,"minecraft:oak_log":11,"minecraft:gunpowder":6,"minecraft:lapis_lazuli":108,"minecraft:dirt":113,"minecraft:name_tag":2,"minecraft:cooked_mutton":7,"minecraft:bone":41,"sophisticatedbackpacks:upgrade_base":1,"minecraft:apple":1,"minecraft:bow":3,"minecraft:wheat_seeds":22,"minecraft:raw_gold":24,"minecraft:stone_pickaxe":2,"minecraft:iron_ingot":70,"minecraft:oak_planks":18,"minecraft:iron_sword":1,"minecraft:cooked_porkchop":14,"minecraft:pumpkin":1,"minecraft:dripstone_block":29,"minecraft:spider_eye":11,"minecraft:diamond":2,"minecraft:stone_axe":4,"minecraft:iron_helmet":2,"minecraft:granite":8,"minecraft:emerald":4,"minecraft:bread":4,"minecraft:oak_sapling":2,"minecraft:coal":197},"minecraft:killed":{"minecraft:cave_spider":2,"minecraft:spider":4,"minecraft:skeleton":11,"minecraft:chicken":8,"minecraft:pig":29,"minecraft:creeper":2,"minecraft:sheep":23,"minecraft:zombie":17,"minecraft:cow":20},"minecraft:broken":{"minecraft:stone_pickaxe":1,"minecraft:iron_axe":1,"minecraft:iron_pickaxe":1},"minecraft:used":{"minecraft:shield":9,"minecraft:iron_sword":104,"minecraft:dirt":15,"minecraft:granite":8,"minecraft:iron_axe":135,"minecraft:light_gray_wool":1,"minecraft:furnace":6,"minecraft:cobbled_deepslate":19,"minecraft:pumpkin":1,"minecraft:pointed_dripstone":3,"minecraft:cooked_mutton":10,"minecraft:water_bucket":2,"minecraft:diorite":43,"minecraft:stone_pickaxe":131,"minecraft:oak_planks":7,"minecraft:wooden_pickaxe":21,"minecraft:crafting_table":9,"minecraft:white_bed":1,"minecraft:dripstone_block":13,"minecraft:apple":1,"minecraft:bread":2,"minecraft:iron_pickaxe":335,"minecraft:stone_axe":51,"minecraft:cobblestone":54,"minecraft:cooked_porkchop":6,"minecraft:bucket":2}},"DataVersion":3120}