{"stats":{"minecraft:dropped":{"minecraft:iron_axe":1,"minecraft:wooden_pickaxe":1,"minecraft:stone_pickaxe":1,"minecraft:iron_pickaxe":2},"minecraft:custom":{"minecraft:interact_with_furnace":38,"minecraft:mob_kills":95,"minecraft:interact_with_crafting_table":34,"minecraft:sleep_in_bed":1,"minecraft:leave_game":4,"minecraft:time_since_death":13191,"minecraft:time_since_rest":8331,"minecraft:sprint_one_cm":181817,"minecraft:damage_taken":2668,"minecraft:walk_one_cm":274264,"minecraft:damage_blocked_by_shield":330,"minecraft:drop":5,"minecraft:damage_dealt":11406,"minecraft:damage_dealt_absorbed":100,"minecraft:swim_one_cm":9356,"minecraft:fly_one_cm":221345,"minecraft:play_time":108078,"minecraft:crouch_one_cm":18851,"minecraft:deaths":3,"minecraft:sneak_time":6447,"minecraft:walk_under_water_one_cm":30001,"minecraft:jump":1929,"minecraft:walk_on_water_one_cm":26649,"minecraft:total_world_time":108078,"minecraft:fall_one_cm":54171},"minecraft:crafted":{"minecraft:oak_planks":44,"minecraft:cooked_porkchop":4,"minecraft:crafting_table":2,"minecraft:wooden_pickaxe":1,"minecraft:iron_helmet":1,"minecraft:furnace":3,"minecraft:birch_planks":32,"minecraft:stone_axe":1,"minecraft:cooked_mutton":10,"minecraft:iron_boots":1,"minecraft:iron_chestplate":1,"minecraft:shield":1,"minecraft:iron_axe":1,"minecraft:stick":12,"minecraft:iron_ingot":90,"minecraft:iron_pickaxe":2,"minecraft:stone_pickaxe":1,"minecraft:gold_ingot":24,"minecraft:chest":2,"minecraft:iron_leggings":1,"minecraft:white_bed":1},"minecraft:killed_by":{"minecraft:creeper":2},"minecraft:mined":{"minecraft:deepslate_diamond_ore":1,"minecraft:sculk_vein":2,"minecraft:crafting_table":5,"minecraft:glow_lichen":1,"minecraft:granite":8,"minecraft:grass_block":3,"minecraft:tall_grass":15,"minecraft:copper_ore":7,"minecraft:lapis_ore":6,"minecraft:deepslate_gold_ore":18,"minecraft:oak_planks":4,"minecraft:sculk":1,"minecraft:diorite":43,"minecraft:furnace":4,"minecraft:birch_log":7,"minecraft:iron_ore":106,"minecraft:cobbled_deepslate":4,"minecraft:birch_leaves":1,"minecraft:grass":16,"minecraft:oak_log":11,"minecraft:pointed_dripstone":6,"minecraft:coal_ore":22,"minecraft:deepslate_iron_ore":1,"minecraft:dripstone_block":11,"minecraft:dirt":4,"minecraft:stone":103,"minecraft:gold_ore":6,"minecraft:oak_leaves":9,"minecraft:deepslate":17},"minecraft:picked_up":{"minecraft:birch_log":9,"minecraft:iron_chestplate":1,"minecraft:crafting_table":7,"minecraft:feather":8,"minecraft:chicken":8,"minecraft:leather":38,"minecraft:wooden_pickaxe":2,"minecraft:birch_planks":13,"minecraft:oak_log":11,"minecraft:shield":2,"minecraft:gunpowder":4,"minecraft:lapis_lazuli":72,"minecraft:dirt":61,"minecraft:string":6,"minecraft:raw_copper":60,"minecraft:iron_axe":1,"minecraft:iron_leggings":1,"minecraft:cooked_mutton":7,"minecraft:bone":17,"minecraft:apple":1,"minecraft:bow":2,"minecraft:wheat_seeds":16,"minecraft:cobbled_deepslate":19,"minecraft:raw_gold":24,"minecraft:beef":80,"minecraft:iron_ingot":11,"minecraft:stone_pickaxe":2,"minecraft:light_gray_wool":4,"minecraft:iron_pickaxe":4,"minecraft:chest":2,"minecraft:birch_sapling":1,"minecraft:oak_planks":18,"minecraft:iron_boots":1,"minecraft:furnace":4,"minecraft:raw_iron":107,"minecraft:pumpkin":1,"minecraft:dripstone_block":25,"minecraft:porkchop":120,"minecraft:pointed_dripstone":27,"minecraft:diorite":97,"minecraft:carrot":1,"minecraft:spider_eye":2,"minecraft:arrow":15,"minecraft:rotten_flesh":19,"minecraft:diamond":1,"minecraft:stone_axe":3,"minecraft:iron_helmet":1,"minecraft:granite":8,"sophisticatedbackpacks:copper_backpack":2,"minecraft:oak_sapling":1,"minecraft:mutton":50,"minecraft:coal":43,"minecraft:white_wool":34,"minecraft:cobblestone":113},"minecraft:killed":{"minecraft:pig":28,"minecraft:spider":1,"minecraft:creeper":2,"minecraft:sheep":18,"minecraft:skeleton":6,"minecraft:zombie":12,"minecraft:chicken":8,"minecraft:cow":20},"minecraft:broken":{"minecraft:stone_pickaxe":1,"minecraft:iron_axe":1},"minecraft:used":{"minecraft:cooked_mutton":10,"minecraft:diorite":43,"minecraft:stone_pickaxe":131,"minecraft:oak_planks":7,"minecraft:shield":3,"minecraft:wooden_pickaxe":21,"minecraft:dirt":7,"minecraft:crafting_table":7,"minecraft:white_bed":1,"minecraft:dripstone_block":13,"minecraft:granite":8,"minecraft:apple":1,"minecraft:iron_axe":135,"minecraft:iron_pickaxe":214,"minecraft:light_gray_wool":1,"minecraft:stone_axe":45,"minecraft:cobblestone":54,"minecraft:furnace":6,"minecraft:cooked_porkchop":2,"minecraft:cobbled_deepslate":19,"minecraft:pumpkin":1,"minecraft:pointed_dripstone":3}},"DataVersion":3120}