{"stats":{"minecraft:dropped":{"minecraft:iron_axe":1,"minecraft:wooden_pickaxe":1,"minecraft:stone_pickaxe":1,"minecraft:iron_pickaxe":2},"minecraft:custom":{"minecraft:interact_with_furnace":24,"minecraft:mob_kills":19,"minecraft:interact_with_crafting_table":15,"minecraft:leave_game":4,"minecraft:time_since_death":28286,"minecraft:time_since_rest":28318,"minecraft:sprint_one_cm":61236,"minecraft:damage_taken":1786,"minecraft:walk_one_cm":153704,"minecraft:drop":5,"minecraft:damage_dealt":3116,"minecraft:fly_one_cm":69475,"minecraft:play_time":60078,"minecraft:crouch_one_cm":12480,"minecraft:deaths":2,"minecraft:sneak_time":4377,"minecraft:walk_under_water_one_cm":20729,"minecraft:jump":786,"minecraft:walk_on_water_one_cm":14157,"minecraft:total_world_time":60078,"minecraft:fall_one_cm":31486},"minecraft:crafted":{"minecraft:oak_planks":44,"minecraft:crafting_table":1,"minecraft:wooden_pickaxe":1,"minecraft:iron_helmet":1,"minecraft:furnace":1,"minecraft:stone_axe":1,"minecraft:cooked_mutton":10,"minecraft:iron_boots":1,"minecraft:iron_chestplate":1,"minecraft:shield":1,"minecraft:iron_axe":1,"minecraft:stick":12,"minecraft:iron_ingot":46,"minecraft:iron_pickaxe":2,"minecraft:stone_pickaxe":1,"minecraft:chest":1,"minecraft:iron_leggings":1},"minecraft:killed_by":{"minecraft:creeper":1},"minecraft:mined":{"minecraft:deepslate_diamond_ore":1,"minecraft:sculk_vein":2,"minecraft:crafting_table":4,"minecraft:grass_block":2,"minecraft:tall_grass":15,"minecraft:copper_ore":5,"minecraft:oak_planks":4,"minecraft:diorite":32,"minecraft:furnace":3,"minecraft:iron_ore":46,"minecraft:cobbled_deepslate":2,"minecraft:grass":16,"minecraft:oak_log":11,"minecraft:pointed_dripstone":6,"minecraft:coal_ore":11,"minecraft:deepslate_iron_ore":1,"minecraft:dripstone_block":11,"minecraft:dirt":2,"minecraft:stone":52,"minecraft:gold_ore":2,"minecraft:oak_leaves":3,"minecraft:deepslate":6},"minecraft:picked_up":{"minecraft:crafting_table":6,"minecraft:wooden_pickaxe":2,"minecraft:oak_log":11,"minecraft:shield":1,"minecraft:gunpowder":4,"minecraft:dirt":5,"minecraft:string":4,"minecraft:raw_copper":30,"minecraft:iron_axe":1,"minecraft:cooked_mutton":7,"minecraft:bone":11,"minecraft:apple":1,"minecraft:bow":2,"minecraft:wheat_seeds":14,"minecraft:cobbled_deepslate":8,"minecraft:raw_gold":2,"minecraft:iron_ingot":5,"minecraft:stone_pickaxe":2,"minecraft:light_gray_wool":3,"minecraft:iron_pickaxe":3,"minecraft:oak_planks":18,"minecraft:furnace":3,"minecraft:raw_iron":47,"minecraft:pumpkin":1,"minecraft:dripstone_block":25,"minecraft:pointed_dripstone":27,"minecraft:diorite":85,"minecraft:spider_eye":2,"minecraft:arrow":10,"minecraft:rotten_flesh":12,"minecraft:diamond":1,"minecraft:stone_axe":2,"minecraft:oak_sapling":1,"minecraft:mutton":10,"minecraft:coal":27,"minecraft:white_wool":10,"minecraft:cobblestone":67},"minecraft:killed":{"minecraft:spider":1,"minecraft:creeper":2,"minecraft:sheep":6,"minecraft:skeleton":3,"minecraft:zombie":7},"minecraft:broken":{"minecraft:stone_pickaxe":1},"minecraft:used":{"minecraft:cooked_mutton":5,"minecraft:diorite":33,"minecraft:stone_pickaxe":131,"minecraft:oak_planks":7,"minecraft:wooden_pickaxe":21,"minecraft:dirt":4,"minecraft:crafting_table":5,"minecraft:dripstone_block":13,"minecraft:apple":1,"minecraft:iron_axe":13,"minecraft:iron_pickaxe":24,"minecraft:light_gray_wool":1,"minecraft:stone_axe":35,"minecraft:cobblestone":21,"minecraft:furnace":4,"minecraft:cobbled_deepslate":2,"minecraft:pumpkin":1,"minecraft:pointed_dripstone":3}},"DataVersion":3120}