{"stats":{"minecraft:dropped":{"minecraft:iron_axe":1,"minecraft:wooden_pickaxe":1,"minecraft:stone_pickaxe":1,"minecraft:iron_pickaxe":2},"minecraft:custom":{"minecraft:interact_with_furnace":28,"minecraft:mob_kills":87,"minecraft:interact_with_crafting_table":21,"minecraft:leave_game":4,"minecraft:time_since_death":1191,"minecraft:time_since_rest":1220,"minecraft:sprint_one_cm":143533,"minecraft:damage_taken":2605,"minecraft:walk_one_cm":254069,"minecraft:damage_blocked_by_shield":330,"minecraft:drop":5,"minecraft:damage_dealt":11086,"minecraft:damage_dealt_absorbed":100,"minecraft:fly_one_cm":168585,"minecraft:play_time":96078,"minecraft:crouch_one_cm":18851,"minecraft:deaths":3,"minecraft:sneak_time":6431,"minecraft:walk_under_water_one_cm":29100,"minecraft:jump":1668,"minecraft:walk_on_water_one_cm":25349,"minecraft:total_world_time":96078,"minecraft:fall_one_cm":49546},"minecraft:crafted":{"minecraft:oak_planks":44,"minecraft:crafting_table":2,"minecraft:wooden_pickaxe":1,"minecraft:iron_helmet":1,"minecraft:furnace":3,"minecraft:birch_planks":24,"minecraft:stone_axe":1,"minecraft:cooked_mutton":10,"minecraft:iron_boots":1,"minecraft:iron_chestplate":1,"minecraft:shield":1,"minecraft:iron_axe":1,"minecraft:stick":12,"minecraft:iron_ingot":46,"minecraft:iron_pickaxe":2,"minecraft:stone_pickaxe":1,"minecraft:chest":2,"minecraft:iron_leggings":1},"minecraft:killed_by":{"minecraft:creeper":2},"minecraft:mined":{"minecraft:deepslate_diamond_ore":1,"minecraft:sculk_vein":2,"minecraft:crafting_table":5,"minecraft:glow_lichen":1,"minecraft:granite":8,"minecraft:grass_block":3,"minecraft:tall_grass":15,"minecraft:copper_ore":7,"minecraft:lapis_ore":6,"minecraft:deepslate_gold_ore":18,"minecraft:oak_planks":4,"minecraft:sculk":1,"minecraft:diorite":43,"minecraft:furnace":4,"minecraft:birch_log":7,"minecraft:iron_ore":106,"minecraft:cobbled_deepslate":4,"minecraft:birch_leaves":1,"minecraft:grass":16,"minecraft:oak_log":11,"minecraft:pointed_dripstone":6,"minecraft:coal_ore":22,"minecraft:deepslate_iron_ore":1,"minecraft:dripstone_block":11,"minecraft:dirt":4,"minecraft:stone":103,"minecraft:gold_ore":6,"minecraft:oak_leaves":9,"minecraft:deepslate":17},"minecraft:picked_up":{"minecraft:birch_log":7,"minecraft:crafting_table":7,"minecraft:leather":19,"minecraft:wooden_pickaxe":2,"minecraft:oak_log":11,"minecraft:shield":1,"minecraft:gunpowder":4,"minecraft:lapis_lazuli":36,"minecraft:dirt":27,"minecraft:string":4,"minecraft:raw_copper":37,"minecraft:iron_axe":1,"minecraft:cooked_mutton":7,"minecraft:bone":13,"minecraft:apple":1,"minecraft:bow":2,"minecraft:wheat_seeds":15,"minecraft:cobbled_deepslate":19,"minecraft:raw_gold":24,"minecraft:beef":40,"minecraft:iron_ingot":5,"minecraft:stone_pickaxe":2,"minecraft:light_gray_wool":4,"minecraft:iron_pickaxe":3,"minecraft:oak_planks":18,"minecraft:furnace":4,"minecraft:raw_iron":107,"minecraft:pumpkin":1,"minecraft:dripstone_block":25,"minecraft:porkchop":60,"minecraft:pointed_dripstone":27,"minecraft:diorite":96,"minecraft:carrot":1,"minecraft:spider_eye":2,"minecraft:arrow":10,"minecraft:rotten_flesh":18,"minecraft:diamond":1,"minecraft:stone_axe":2,"minecraft:granite":8,"sophisticatedbackpacks:copper_backpack":1,"minecraft:oak_sapling":1,"minecraft:mutton":30,"minecraft:coal":43,"minecraft:white_wool":22,"minecraft:cobblestone":113},"minecraft:killed":{"minecraft:pig":28,"minecraft:spider":1,"minecraft:creeper":2,"minecraft:sheep":18,"minecraft:skeleton":6,"minecraft:zombie":12,"minecraft:cow":20},"minecraft:broken":{"minecraft:stone_pickaxe":1,"minecraft:iron_axe":1},"minecraft:used":{"minecraft:cooked_mutton":10,"minecraft:diorite":43,"minecraft:stone_pickaxe":131,"minecraft:oak_planks":7,"minecraft:shield":3,"minecraft:wooden_pickaxe":21,"minecraft:dirt":7,"minecraft:crafting_table":7,"minecraft:dripstone_block":13,"minecraft:granite":8,"minecraft:apple":1,"minecraft:iron_axe":135,"minecraft:iron_pickaxe":214,"minecraft:light_gray_wool":1,"minecraft:stone_axe":35,"minecraft:cobblestone":54,"minecraft:furnace":6,"minecraft:cobbled_deepslate":19,"minecraft:pumpkin":1,"minecraft:pointed_dripstone":3}},"DataVersion":3120}