{"stats":{"minecraft:killed":{"minecraft:pig":4,"minecraft:zombie_villager":1,"minecraft:spider":2,"minecraft:iron_golem":2,"minecraft:horse":1,"minecraft:sheep":2,"minecraft:skeleton":6,"minecraft:zombie":16,"minecraft:cow":20},"minecraft:crafted":{"minecraft:oak_planks":48,"minecraft:crafting_table":1,"minecraft:wooden_pickaxe":1,"minecraft:stone_axe":1,"minecraft:bow":1,"minecraft:wooden_hoe":1,"minecraft:shield":1,"minecraft:iron_axe":1,"minecraft:stick":16,"minecraft:iron_ingot":1,"minecraft:iron_pickaxe":1,"minecraft:stone_pickaxe":1,"minecraft:stone_sword":1},"minecraft:dropped":{"minecraft:gravel":9,"minecraft:moss_carpet":1,"minecraft:wheat_seeds":13,"minecraft:pointed_dripstone":6,"minecraft:white_carpet":1,"minecraft:oak_planks":1,"minecraft:flint_and_steel":4,"minecraft:stick":3,"minecraft:flint":2,"minecraft:poppy":2,"sophisticatedbackpacks:copper_backpack":2,"minecraft:white_wool":2,"minecraft:stone_brick_slab":1},"minecraft:used":{"minecraft:water_bucket":2,"minecraft:stone_pickaxe":66,"minecraft:oak_planks":10,"minecraft:wooden_pickaxe":16,"minecraft:chest":1,"minecraft:shield":2,"minecraft:torch":1,"minecraft:dirt":4,"minecraft:crafting_table":9,"minecraft:wooden_hoe":65,"minecraft:bread":26,"minecraft:iron_axe":108,"minecraft:iron_pickaxe":292,"minecraft:iron_helmet":1,"minecraft:gravel":3,"minecraft:golden_leggings":1,"minecraft:stone_axe":80,"minecraft:golden_carrot":5,"minecraft:cobblestone":12,"minecraft:mangrove_roots":1,"minecraft:bucket":3},"minecraft:mined":{"minecraft:deepslate_redstone_ore":10,"minecraft:deepslate_diamond_ore":3,"minecraft:stone_brick_slab":2,"minecraft:mangrove_roots":2,"minecraft:oak_fence":1,"minecraft:crafting_table":9,"minecraft:grass_block":1,"minecraft:chest":1,"minecraft:lectern":1,"minecraft:tall_grass":1,"minecraft:cobblestone":4,"minecraft:deepslate_gold_ore":10,"minecraft:oak_planks":11,"minecraft:sugar_cane":10,"minecraft:hay_block":93,"minecraft:iron_ore":14,"minecraft:wheat":2,"minecraft:white_carpet":1,"minecraft:deepslate_lapis_ore":1,"minecraft:gold_block":4,"minecraft:grass":19,"minecraft:bookshelf":8,"minecraft:oak_log":12,"minecraft:deepslate_iron_ore":23,"minecraft:rail":111,"minecraft:gravel":15,"minecraft:dripstone_block":3,"minecraft:dirt":3,"minecraft:stone":55,"minecraft:oak_leaves":6,"minecraft:deepslate":49},"minecraft:picked_up":{"minecraft:crafting_table":9,"minecraft:leather":21,"minecraft:gold_block":4,"minecraft:golden_shovel":1,"minecraft:flint":3,"minecraft:oak_log":12,"minecraft:lapis_lazuli":6,"minecraft:dirt":4,"minecraft:string":3,"minecraft:moss_carpet":1,"minecraft:flint_and_steel":2,"minecraft:white_carpet":1,"minecraft:bone":1,"minecraft:wheat_seeds":13,"minecraft:cobbled_deepslate":37,"minecraft:raw_gold":10,"minecraft:iron_ingot":6,"minecraft:beef":42,"minecraft:iron_nugget":16,"minecraft:poppy":2,"minecraft:lectern":1,"minecraft:sugar_cane":13,"minecraft:chest":1,"minecraft:oak_planks":9,"minecraft:book":24,"minecraft:raw_iron":37,"minecraft:stick":2,"minecraft:stone_brick_slab":1,"minecraft:torch":1,"minecraft:gravel":12,"minecraft:porkchop":8,"minecraft:pointed_dripstone":6,"minecraft:redstone":47,"minecraft:arrow":7,"minecraft:rotten_flesh":16,"minecraft:diamond":3,"minecraft:hay_block":87,"minecraft:mangrove_roots":1,"sophisticatedbackpacks:copper_backpack":2,"minecraft:obsidian":3,"minecraft:white_wool":2,"minecraft:rail":101,"minecraft:cobblestone":57},"minecraft:custom":{"minecraft:mob_kills":54,"minecraft:interact_with_crafting_table":20,"minecraft:leave_game":14,"minecraft:time_since_death":167139,"minecraft:sleep_in_bed":5,"minecraft:climb_one_cm":783,"minecraft:time_since_rest":53028,"minecraft:sprint_one_cm":365182,"minecraft:damage_taken":2133,"minecraft:walk_one_cm":193443,"minecraft:damage_blocked_by_shield":45,"minecraft:drop":19,"minecraft:damage_dealt":9716,"minecraft:swim_one_cm":75495,"minecraft:talked_to_villager":3,"minecraft:fly_one_cm":415448,"minecraft:open_chest":23,"minecraft:crouch_one_cm":1856,"minecraft:play_time":167139,"minecraft:sneak_time":2564,"minecraft:walk_under_water_one_cm":4102,"minecraft:jump":2108,"minecraft:walk_on_water_one_cm":21014,"minecraft:total_world_time":167139,"minecraft:fall_one_cm":59037,"minecraft:horse_one_cm":482949},"minecraft:broken":{"minecraft:stone_pickaxe":1,"minecraft:stone_axe":1,"minecraft:iron_pickaxe":1,"minecraft:wooden_hoe":1}},"DataVersion":3120}