{"stats":{"minecraft:dropped":{"minecraft:gravel":9,"minecraft:moss_carpet":1,"minecraft:wheat_seeds":13,"minecraft:pointed_dripstone":6,"minecraft:white_carpet":1,"minecraft:oak_planks":1,"minecraft:flint_and_steel":4,"minecraft:stick":3,"minecraft:flint":2,"minecraft:poppy":2,"sophisticatedbackpacks:copper_backpack":2,"minecraft:white_wool":2,"minecraft:stone_brick_slab":1},"minecraft:custom":{"minecraft:mob_kills":59,"minecraft:interact_with_crafting_table":20,"minecraft:leave_game":15,"minecraft:time_since_death":10811,"minecraft:sleep_in_bed":5,"minecraft:climb_one_cm":783,"minecraft:time_since_rest":10944,"minecraft:sprint_one_cm":395956,"minecraft:damage_taken":3137,"minecraft:walk_one_cm":211145,"minecraft:damage_blocked_by_shield":45,"minecraft:drop":19,"minecraft:damage_dealt":10689,"minecraft:swim_one_cm":94745,"minecraft:talked_to_villager":3,"minecraft:fly_one_cm":475095,"minecraft:open_chest":23,"minecraft:crouch_one_cm":1874,"minecraft:play_time":179930,"minecraft:deaths":1,"minecraft:sneak_time":2642,"minecraft:walk_under_water_one_cm":14182,"minecraft:jump":2374,"minecraft:walk_on_water_one_cm":26546,"minecraft:total_world_time":179930,"minecraft:fall_one_cm":67066,"minecraft:horse_one_cm":482949},"minecraft:crafted":{"minecraft:oak_planks":48,"minecraft:crafting_table":1,"minecraft:wooden_pickaxe":1,"minecraft:stone_axe":1,"minecraft:bow":1,"minecraft:wooden_hoe":1,"minecraft:shield":1,"minecraft:iron_axe":1,"minecraft:stick":16,"minecraft:iron_ingot":1,"minecraft:iron_pickaxe":1,"minecraft:stone_pickaxe":1,"minecraft:stone_sword":1},"minecraft:killed_by":{"minecraft:creeper":1},"minecraft:picked_up":{"minecraft:crafting_table":10,"minecraft:golden_carrot":7,"minecraft:water_bucket":1,"minecraft:leather":21,"minecraft:golden_leggings":1,"minecraft:gold_block":4,"minecraft:golden_shovel":1,"minecraft:flint":3,"minecraft:oak_log":12,"minecraft:golden_boots":1,"minecraft:shield":1,"minecraft:lapis_lazuli":12,"minecraft:string":3,"minecraft:dirt":5,"minecraft:moss_carpet":1,"minecraft:iron_axe":1,"minecraft:flint_and_steel":2,"minecraft:white_carpet":1,"minecraft:bone":2,"minecraft:apple":16,"minecraft:bow":1,"minecraft:wheat_seeds":13,"minecraft:cobbled_deepslate":77,"minecraft:raw_gold":20,"minecraft:iron_ingot":6,"minecraft:beef":84,"minecraft:iron_nugget":23,"minecraft:poppy":2,"minecraft:iron_pickaxe":1,"minecraft:lectern":1,"minecraft:sugar_cane":13,"minecraft:chest":1,"minecraft:oak_planks":32,"minecraft:book":24,"minecraft:raw_iron":79,"minecraft:stick":2,"minecraft:stone_brick_slab":1,"minecraft:torch":1,"minecraft:gravel":12,"minecraft:porkchop":8,"minecraft:pointed_dripstone":6,"minecraft:redstone":94,"minecraft:stone_sword":1,"minecraft:arrow":14,"minecraft:rotten_flesh":27,"minecraft:diamond":6,"minecraft:hay_block":87,"minecraft:iron_helmet":1,"minecraft:mangrove_roots":1,"minecraft:bread":1,"sophisticatedbackpacks:copper_backpack":4,"minecraft:obsidian":3,"minecraft:rail":202,"minecraft:white_wool":2,"minecraft:cobblestone":95},"minecraft:mined":{"minecraft:deepslate_redstone_ore":10,"minecraft:deepslate_diamond_ore":3,"minecraft:stone_brick_slab":2,"minecraft:mangrove_roots":2,"minecraft:oak_fence":1,"minecraft:crafting_table":9,"minecraft:grass_block":2,"minecraft:chest":1,"minecraft:lectern":1,"minecraft:tall_grass":1,"minecraft:cobblestone":4,"minecraft:oak_planks":11,"minecraft:deepslate_gold_ore":10,"minecraft:sugar_cane":10,"minecraft:hay_block":93,"minecraft:iron_ore":19,"minecraft:wheat":2,"minecraft:white_carpet":1,"minecraft:deepslate_lapis_ore":1,"minecraft:gold_block":4,"minecraft:grass":19,"minecraft:bookshelf":8,"minecraft:oak_log":12,"minecraft:deepslate_iron_ore":23,"minecraft:rail":111,"minecraft:gravel":15,"minecraft:dripstone_block":3,"minecraft:dirt":3,"minecraft:stone":55,"minecraft:oak_leaves":6,"minecraft:deepslate":50},"minecraft:killed":{"minecraft:pig":4,"minecraft:zombie_villager":1,"minecraft:spider":2,"minecraft:iron_golem":2,"minecraft:horse":1,"minecraft:sheep":2,"minecraft:skeleton":6,"minecraft:zombie":21,"minecraft:cow":20},"minecraft:broken":{"minecraft:stone_pickaxe":1,"minecraft:stone_axe":1,"minecraft:iron_pickaxe":1,"minecraft:wooden_hoe":1},"minecraft:used":{"minecraft:water_bucket":2,"minecraft:stone_pickaxe":66,"minecraft:oak_planks":10,"minecraft:wooden_pickaxe":16,"minecraft:chest":1,"minecraft:shield":2,"minecraft:torch":1,"minecraft:dirt":5,"minecraft:crafting_table":9,"minecraft:wooden_hoe":65,"minecraft:bread":26,"minecraft:iron_axe":119,"minecraft:iron_pickaxe":298,"minecraft:iron_helmet":1,"minecraft:gravel":3,"minecraft:golden_leggings":1,"minecraft:golden_carrot":7,"minecraft:stone_axe":80,"minecraft:cobblestone":12,"minecraft:mangrove_roots":1,"minecraft:bucket":3}},"DataVersion":3120}