{"stats":{"minecraft:mined":{"minecraft:smoker":1,"minecraft:powder_snow":6,"minecraft:crafting_table":15,"minecraft:granite":3,"minecraft:grass_block":70,"minecraft:rose_bush":3,"minecraft:lectern":1,"minecraft:copper_ore":7,"minecraft:tall_grass":4,"minecraft:cobblestone":129,"minecraft:sugar_cane":5,"minecraft:oak_planks":2,"minecraft:cauldron":1,"minecraft:hay_block":39,"minecraft:furnace":5,"minecraft:fire":1,"minecraft:iron_ore":57,"minecraft:andesite":8,"minecraft:grass":14,"minecraft:bookshelf":4,"minecraft:oak_log":68,"minecraft:coal_ore":5,"minecraft:water_cauldron":6,"minecraft:dirt":22,"minecraft:stone":103,"minecraft:gold_ore":8,"minecraft:oak_leaves":33},"minecraft:custom":{"minecraft:interact_with_furnace":47,"minecraft:mob_kills":52,"minecraft:interact_with_crafting_table":51,"minecraft:leave_game":9,"minecraft:time_since_death":157849,"minecraft:sleep_in_bed":7,"minecraft:time_since_rest":1013,"minecraft:sprint_one_cm":528227,"minecraft:damage_taken":2408,"minecraft:walk_one_cm":259371,"minecraft:damage_blocked_by_shield":2703,"minecraft:drop":18,"minecraft:damage_dealt":6495,"minecraft:swim_one_cm":68911,"minecraft:fly_one_cm":711419,"minecraft:open_chest":20,"minecraft:crouch_one_cm":5504,"minecraft:play_time":157849,"minecraft:sneak_time":5587,"minecraft:walk_under_water_one_cm":9232,"minecraft:boat_one_cm":35540,"minecraft:jump":3392,"minecraft:walk_on_water_one_cm":20005,"minecraft:total_world_time":157849,"minecraft:interact_with_smoker":6,"minecraft:fall_one_cm":94219,"minecraft:use_cauldron":1},"minecraft:crafted":{"minecraft:cooked_beef":13,"minecraft:oak_planks":128,"minecraft:cobblestone_slab":6,"minecraft:cooked_porkchop":12,"minecraft:crafting_table":2,"minecraft:wooden_pickaxe":1,"minecraft:iron_helmet":1,"minecraft:furnace":1,"minecraft:bucket":1,"minecraft:stone_axe":1,"minecraft:bread":117,"minecraft:air":0,"minecraft:oak_boat":1,"minecraft:iron_boots":1,"minecraft:iron_chestplate":1,"minecraft:shield":1,"minecraft:iron_axe":1,"minecraft:stick":16,"minecraft:iron_ingot":34,"minecraft:iron_pickaxe":1,"minecraft:stone_pickaxe":1,"minecraft:chest":2,"minecraft:iron_leggings":1,"minecraft:white_bed":1,"minecraft:torch":12,"minecraft:stone_hoe":1,"minecraft:wheat":351},"minecraft:killed":{"minecraft:pig":8,"minecraft:spider":3,"minecraft:creeper":1,"minecraft:skeleton":9,"minecraft:sheep":3,"minecraft:zombie":18,"minecraft:cow":7},"minecraft:dropped":{"minecraft:wheat_seeds":1,"minecraft:iron_nugget":4,"minecraft:raw_copper":19,"minecraft:granite":2,"minecraft:azure_bluet":2,"minecraft:filled_map":1,"minecraft:cornflower":3,"minecraft:bow":1,"minecraft:iron_pickaxe":1},"minecraft:picked_up":{"minecraft:crafting_table":15,"minecraft:azure_bluet":2,"minecraft:andesite":8,"minecraft:leather":7,"minecraft:smoker":1,"minecraft:oak_log":66,"minecraft:cornflower":6,"minecraft:dirt":133,"minecraft:raw_copper":19,"minecraft:bone":4,"minecraft:apple":1,"minecraft:bow":2,"minecraft:wheat_seeds":12,"minecraft:raw_gold":8,"minecraft:beef":13,"minecraft:oak_boat":1,"minecraft:rose_bush":2,"minecraft:iron_nugget":4,"minecraft:iron_pickaxe":1,"minecraft:lectern":1,"minecraft:sugar_cane":16,"minecraft:oak_planks":50,"minecraft:furnace":5,"minecraft:egg":2,"minecraft:book":12,"minecraft:stick":6,"minecraft:raw_iron":57,"minecraft:cooked_porkchop":3,"minecraft:porkchop":21,"minecraft:carrot":1,"minecraft:cauldron":7,"minecraft:arrow":12,"minecraft:rotten_flesh":27,"minecraft:hay_block":39,"minecraft:granite":3,"minecraft:oak_sapling":8,"minecraft:mutton":4,"minecraft:coal":17,"minecraft:white_wool":3,"minecraft:cobblestone":213},"minecraft:broken":{"minecraft:stone_pickaxe":1,"minecraft:shield":1},"minecraft:used":{"minecraft:water_bucket":5,"minecraft:stone_pickaxe":131,"minecraft:oak_planks":14,"minecraft:chest":2,"minecraft:wooden_pickaxe":6,"minecraft:shield":55,"minecraft:cobblestone_slab":6,"minecraft:stone_hoe":27,"minecraft:iron_chestplate":1,"minecraft:torch":12,"minecraft:dirt":124,"minecraft:mutton":4,"minecraft:crafting_table":16,"minecraft:carrot":2,"minecraft:white_bed":1,"minecraft:granite":1,"minecraft:oak_log":1,"minecraft:cornflower":3,"minecraft:lava_bucket":3,"minecraft:iron_axe":147,"minecraft:bread":38,"minecraft:iron_pickaxe":203,"minecraft:map":1,"minecraft:iron_helmet":1,"minecraft:iron_boots":1,"minecraft:stone_axe":63,"minecraft:cobblestone":84,"minecraft:bow":12,"minecraft:oak_sapling":3,"minecraft:furnace":5,"minecraft:cooked_porkchop":5,"minecraft:andesite":8,"minecraft:bucket":8,"minecraft:oak_boat":1,"minecraft:cooked_beef":13}},"DataVersion":3105}