{"stats":{"minecraft:mined":{"minecraft:granite":3,"minecraft:grass_block":2927,"minecraft:hay_block":39,"minecraft:furnace":5,"minecraft:iron_ore":60,"minecraft:fire":4,"minecraft:andesite":8,"minecraft:azure_bluet":59,"minecraft:bookshelf":4,"minecraft:cobblestone_slab":6,"minecraft:water_cauldron":6,"minecraft:dirt_path":2,"minecraft:stone":104,"minecraft:smoker":1,"minecraft:dandelion":11,"minecraft:powder_snow":6,"minecraft:crafting_table":15,"minecraft:chest":2,"minecraft:rose_bush":3,"minecraft:lectern":1,"minecraft:tall_grass":12,"minecraft:copper_ore":7,"minecraft:cobblestone":696,"minecraft:sugar_cane":5,"minecraft:oak_planks":2,"minecraft:cauldron":1,"minecraft:bee_nest":1,"minecraft:grass":83,"minecraft:oak_log":94,"minecraft:coal_ore":5,"minecraft:dirt":217,"minecraft:gold_ore":8,"minecraft:oak_leaves":40},"minecraft:used":{"minecraft:iron_shovel":3083,"minecraft:chest":8,"minecraft:shield":61,"minecraft:stone_hoe":27,"minecraft:iron_chestplate":1,"minecraft:torch":12,"minecraft:dirt":382,"minecraft:mutton":4,"minecraft:carrot":2,"minecraft:azure_bluet":131,"minecraft:granite":1,"minecraft:lava_bucket":3,"minecraft:iron_axe":240,"minecraft:iron_helmet":2,"minecraft:iron_boots":1,"minecraft:bow":17,"minecraft:furnace":7,"minecraft:oak_sapling":3,"minecraft:cooked_beef":13,"minecraft:water_bucket":5,"minecraft:stone_pickaxe":131,"minecraft:oak_planks":14,"minecraft:wooden_pickaxe":6,"minecraft:cobblestone_slab":6,"minecraft:crafting_table":17,"minecraft:white_bed":1,"minecraft:oak_log":2,"minecraft:cornflower":5,"minecraft:bread":64,"minecraft:iron_pickaxe":785,"minecraft:map":1,"minecraft:stone_axe":63,"minecraft:cobblestone":104,"minecraft:cooked_porkchop":7,"minecraft:bucket":9,"minecraft:andesite":8,"minecraft:oak_boat":1},"minecraft:picked_up":{"minecraft:crafting_table":15,"minecraft:azure_bluet":109,"minecraft:lead":2,"minecraft:cornflower":8,"minecraft:string":2,"minecraft:raw_copper":19,"minecraft:flint_and_steel":1,"minecraft:iron_shovel":1,"minecraft:beef":13,"minecraft:oak_boat":2,"minecraft:rose_bush":2,"minecraft:cobblestone_slab":6,"minecraft:iron_nugget":4,"minecraft:iron_pickaxe":1,"minecraft:lectern":2,"minecraft:sugar_cane":32,"minecraft:chest":2,"minecraft:egg":2,"minecraft:furnace":6,"minecraft:golden_helmet":1,"minecraft:stick":6,"minecraft:raw_iron":71,"minecraft:porkchop":23,"minecraft:carrot":1,"minecraft:golden_chestplate":1,"minecraft:cauldron":14,"minecraft:rotten_flesh":69,"minecraft:arrow":16,"minecraft:hay_block":39,"minecraft:mutton":4,"minecraft:cobblestone":707,"minecraft:white_wool":3,"minecraft:stripped_oak_log":1,"minecraft:andesite":8,"minecraft:leather":18,"minecraft:smoker":2,"minecraft:oak_log":92,"minecraft:dirt":3163,"minecraft:bone":13,"minecraft:apple":6,"minecraft:bow":2,"minecraft:wheat_seeds":58,"minecraft:raw_gold":16,"minecraft:iron_ingot":13,"minecraft:oak_planks":64,"minecraft:stone_hoe":1,"minecraft:book":24,"minecraft:cooked_porkchop":3,"minecraft:dandelion":47,"minecraft:spider_eye":3,"minecraft:stone_axe":1,"minecraft:iron_helmet":1,"minecraft:granite":3,"minecraft:bread":29,"minecraft:oak_sapling":11,"minecraft:coal":17},"minecraft:killed":{"minecraft:spider":7,"minecraft:skeleton":13,"minecraft:pig":9,"minecraft:wandering_trader":1,"minecraft:creeper":1,"minecraft:sheep":3,"minecraft:trader_llama":2,"minecraft:zombie":33,"minecraft:cow":7},"minecraft:broken":{"minecraft:golden_helmet":1,"minecraft:iron_shovel":12,"minecraft:stone_pickaxe":1,"minecraft:shield":1,"minecraft:iron_axe":1,"minecraft:iron_pickaxe":3},"minecraft:custom":{"minecraft:mob_kills":79,"minecraft:interact_with_crafting_table":75,"minecraft:leave_game":18,"minecraft:time_since_death":324585,"minecraft:sprint_one_cm":745881,"minecraft:walk_one_cm":785574,"minecraft:damage_blocked_by_shield":2953,"minecraft:drop":23,"minecraft:play_time":324585,"minecraft:sneak_time":6650,"minecraft:walk_under_water_one_cm":9232,"minecraft:boat_one_cm":35540,"minecraft:jump":4450,"minecraft:walk_on_water_one_cm":20005,"minecraft:total_world_time":324585,"minecraft:interact_with_furnace":60,"minecraft:sleep_in_bed":19,"minecraft:time_since_rest":38573,"minecraft:damage_taken":3588,"minecraft:damage_dealt":11064,"minecraft:swim_one_cm":68911,"minecraft:fly_one_cm":933661,"minecraft:open_chest":72,"minecraft:crouch_one_cm":8346,"minecraft:interact_with_smoker":6,"minecraft:use_cauldron":1,"minecraft:fall_one_cm":117023},"minecraft:crafted":{"minecraft:oak_planks":364,"minecraft:cobblestone_slab":6,"minecraft:furnace":1,"minecraft:iron_boots":1,"minecraft:iron_axe":2,"minecraft:stone_pickaxe":1,"minecraft:chest":6,"minecraft:stone_hoe":1,"minecraft:wheat":351,"minecraft:cooked_beef":13,"minecraft:cooked_porkchop":12,"minecraft:crafting_table":2,"minecraft:wooden_pickaxe":1,"minecraft:iron_helmet":1,"minecraft:bucket":1,"minecraft:stone_axe":1,"minecraft:bread":117,"minecraft:air":0,"minecraft:oak_boat":1,"minecraft:iron_chestplate":1,"minecraft:shield":2,"minecraft:stick":52,"minecraft:iron_ingot":48,"minecraft:iron_pickaxe":4,"minecraft:iron_leggings":1,"minecraft:iron_shovel":12,"minecraft:gold_ingot":4,"minecraft:white_bed":1,"minecraft:torch":12},"minecraft:dropped":{"minecraft:wheat_seeds":1,"minecraft:cobblestone":2,"minecraft:granite":2,"minecraft:cornflower":3,"minecraft:iron_pickaxe":1,"minecraft:iron_shovel":1,"minecraft:iron_nugget":4,"minecraft:raw_copper":19,"minecraft:rotten_flesh":8,"minecraft:azure_bluet":2,"minecraft:filled_map":1,"minecraft:bow":1}},"DataVersion":3105}