{"stats":{"minecraft:mined":{"minecraft:white_bed":1,"minecraft:granite":3,"minecraft:grass_block":3630,"minecraft:hay_block":39,"minecraft:furnace":6,"minecraft:iron_ore":60,"minecraft:fire":4,"minecraft:andesite":10,"minecraft:azure_bluet":70,"minecraft:bookshelf":4,"minecraft:water_cauldron":6,"minecraft:cobblestone_slab":7,"minecraft:dirt_path":2,"minecraft:stone":236,"minecraft:smoker":1,"minecraft:dandelion":24,"minecraft:powder_snow":6,"minecraft:crafting_table":17,"minecraft:chest":2,"minecraft:rose_bush":3,"minecraft:lectern":1,"minecraft:tall_grass":28,"minecraft:copper_ore":7,"minecraft:cobblestone":726,"minecraft:sugar_cane":22,"minecraft:oak_planks":2,"minecraft:cauldron":1,"minecraft:yellow_bed":1,"minecraft:bee_nest":1,"minecraft:grass":134,"minecraft:oak_log":94,"minecraft:coal_ore":5,"minecraft:dirt":580,"minecraft:gold_ore":8,"minecraft:oak_leaves":41},"minecraft:custom":{"minecraft:mob_kills":107,"minecraft:interact_with_crafting_table":87,"minecraft:leave_game":21,"minecraft:time_since_death":422626,"minecraft:sprint_one_cm":1029181,"minecraft:walk_one_cm":1092027,"minecraft:damage_blocked_by_shield":3173,"minecraft:drop":27,"minecraft:talked_to_villager":7,"minecraft:play_time":422626,"minecraft:sneak_time":8421,"minecraft:walk_under_water_one_cm":11373,"minecraft:boat_one_cm":35540,"minecraft:jump":6421,"minecraft:walk_on_water_one_cm":40428,"minecraft:total_world_time":422626,"minecraft:interact_with_furnace":62,"minecraft:traded_with_villager":7,"minecraft:sleep_in_bed":26,"minecraft:time_since_rest":7188,"minecraft:damage_taken":5235,"minecraft:damage_dealt":16099,"minecraft:player_kills":1,"minecraft:swim_one_cm":84866,"minecraft:fly_one_cm":1305217,"minecraft:open_chest":115,"minecraft:crouch_one_cm":12953,"minecraft:interact_with_smoker":6,"minecraft:use_cauldron":1,"minecraft:fall_one_cm":159404},"minecraft:crafted":{"minecraft:oak_planks":364,"minecraft:stone_shovel":4,"minecraft:cobblestone_slab":66,"minecraft:furnace":1,"minecraft:bone_meal":27,"minecraft:bow":1,"minecraft:iron_boots":1,"minecraft:iron_axe":2,"minecraft:stone_pickaxe":1,"minecraft:chest":6,"minecraft:stone_hoe":1,"minecraft:wheat":351,"minecraft:cooked_beef":13,"minecraft:arrow":96,"minecraft:cooked_porkchop":12,"minecraft:crafting_table":2,"minecraft:wooden_pickaxe":1,"minecraft:iron_helmet":1,"minecraft:bucket":1,"minecraft:stone_axe":1,"minecraft:bread":124,"minecraft:air":0,"minecraft:oak_boat":1,"minecraft:iron_chestplate":1,"minecraft:shield":2,"minecraft:stick":52,"minecraft:iron_ingot":48,"minecraft:iron_pickaxe":4,"minecraft:iron_leggings":1,"minecraft:iron_shovel":14,"minecraft:gold_ingot":4,"minecraft:white_bed":1,"minecraft:torch":12},"minecraft:killed":{"minecraft:spider":8,"minecraft:skeleton":18,"minecraft:pig":10,"minecraft:iron_golem":1,"minecraft:wandering_trader":1,"minecraft:creeper":1,"minecraft:sheep":4,"minecraft:trader_llama":2,"minecraft:zombie":46,"minecraft:villager":1,"minecraft:cow":11},"minecraft:dropped":{"minecraft:wheat_seeds":1,"minecraft:cobblestone":2,"minecraft:granite":2,"minecraft:cornflower":3,"minecraft:iron_pickaxe":1,"minecraft:iron_shovel":1,"minecraft:bone":4,"minecraft:furnace":1,"minecraft:iron_nugget":4,"minecraft:raw_copper":19,"minecraft:rotten_flesh":8,"minecraft:azure_bluet":2,"minecraft:filled_map":1,"minecraft:poppy":2,"minecraft:bow":2},"minecraft:picked_up":{"minecraft:crafting_table":17,"minecraft:azure_bluet":133,"minecraft:lead":2,"minecraft:cornflower":8,"minecraft:string":2,"minecraft:raw_copper":19,"minecraft:flint_and_steel":1,"minecraft:iron_shovel":1,"minecraft:beef":22,"minecraft:oak_boat":2,"minecraft:rose_bush":2,"minecraft:cobblestone_slab":8,"minecraft:iron_nugget":4,"minecraft:poppy":2,"minecraft:iron_pickaxe":1,"minecraft:lectern":2,"minecraft:chest":2,"minecraft:sugar_cane":68,"minecraft:egg":2,"minecraft:furnace":9,"minecraft:golden_helmet":1,"minecraft:stick":7,"minecraft:raw_iron":71,"minecraft:porkchop":25,"minecraft:carrot":1,"minecraft:golden_chestplate":1,"minecraft:cauldron":14,"minecraft:rotten_flesh":81,"minecraft:arrow":20,"minecraft:hay_block":39,"minecraft:mutton":4,"minecraft:cobblestone":871,"minecraft:white_wool":3,"minecraft:stripped_oak_log":1,"minecraft:andesite":10,"minecraft:leather":18,"minecraft:smoker":2,"minecraft:oak_log":92,"minecraft:yellow_bed":1,"minecraft:dirt":4231,"minecraft:cooked_mutton":7,"minecraft:bone":17,"minecraft:apple":7,"minecraft:bow":2,"minecraft:wheat_seeds":68,"minecraft:raw_gold":16,"minecraft:iron_ingot":18,"minecraft:stone_hoe":1,"minecraft:oak_planks":64,"minecraft:book":24,"minecraft:cooked_porkchop":3,"minecraft:dandelion":69,"minecraft:white_bed":1,"minecraft:spider_eye":3,"minecraft:stone_axe":1,"minecraft:iron_helmet":1,"minecraft:granite":3,"minecraft:emerald":16,"minecraft:bread":29,"minecraft:oak_sapling":15,"minecraft:coal":17},"minecraft:broken":{"minecraft:golden_helmet":1,"minecraft:iron_shovel":14,"minecraft:stone_pickaxe":1,"minecraft:shield":1,"minecraft:iron_axe":1,"minecraft:iron_pickaxe":3,"minecraft:stone_shovel":4},"minecraft:used":{"minecraft:flint_and_steel":2,"minecraft:iron_shovel":3611,"minecraft:stone_shovel":545,"minecraft:chest":8,"minecraft:shield":68,"minecraft:stone_hoe":27,"minecraft:iron_chestplate":1,"minecraft:torch":12,"minecraft:dirt":589,"minecraft:mutton":4,"minecraft:carrot":2,"minecraft:granite":1,"minecraft:azure_bluet":140,"minecraft:lava_bucket":4,"minecraft:iron_axe":310,"minecraft:iron_helmet":2,"minecraft:iron_boots":1,"minecraft:bow":23,"minecraft:oak_sapling":3,"minecraft:furnace":7,"minecraft:cooked_beef":13,"minecraft:water_bucket":47,"minecraft:stone_pickaxe":131,"minecraft:oak_planks":14,"minecraft:wooden_pickaxe":6,"minecraft:cobblestone_slab":74,"minecraft:crafting_table":18,"minecraft:white_bed":1,"minecraft:oak_log":2,"minecraft:cornflower":5,"minecraft:bread":100,"minecraft:iron_pickaxe":958,"minecraft:map":1,"minecraft:stone_axe":63,"minecraft:cobblestone":246,"minecraft:cooked_porkchop":10,"minecraft:andesite":10,"minecraft:bucket":52,"minecraft:yellow_bed":1,"minecraft:oak_boat":1,"minecraft:dandelion":75,"minecraft:bone_meal":27}},"DataVersion":3105}