{"stats":{"minecraft:mined":{"minecraft:granite":3,"minecraft:grass_block":2159,"minecraft:hay_block":39,"minecraft:furnace":5,"minecraft:iron_ore":60,"minecraft:fire":4,"minecraft:andesite":8,"minecraft:azure_bluet":14,"minecraft:bookshelf":4,"minecraft:water_cauldron":6,"minecraft:dirt_path":1,"minecraft:stone":104,"minecraft:smoker":1,"minecraft:dandelion":10,"minecraft:powder_snow":6,"minecraft:crafting_table":15,"minecraft:chest":2,"minecraft:rose_bush":3,"minecraft:lectern":1,"minecraft:tall_grass":10,"minecraft:copper_ore":7,"minecraft:cobblestone":678,"minecraft:sugar_cane":5,"minecraft:oak_planks":2,"minecraft:cauldron":1,"minecraft:bee_nest":1,"minecraft:grass":69,"minecraft:oak_log":78,"minecraft:coal_ore":5,"minecraft:dirt":208,"minecraft:gold_ore":8,"minecraft:oak_leaves":38},"minecraft:broken":{"minecraft:golden_helmet":1,"minecraft:iron_shovel":9,"minecraft:stone_pickaxe":1,"minecraft:shield":1,"minecraft:iron_axe":1,"minecraft:iron_pickaxe":3},"minecraft:custom":{"minecraft:mob_kills":67,"minecraft:interact_with_crafting_table":68,"minecraft:leave_game":16,"minecraft:time_since_death":278882,"minecraft:sprint_one_cm":650981,"minecraft:walk_one_cm":620790,"minecraft:damage_blocked_by_shield":2793,"minecraft:drop":19,"minecraft:play_time":278882,"minecraft:sneak_time":6641,"minecraft:walk_under_water_one_cm":9232,"minecraft:boat_one_cm":35540,"minecraft:jump":4036,"minecraft:walk_on_water_one_cm":20005,"minecraft:total_world_time":278882,"minecraft:interact_with_furnace":54,"minecraft:sleep_in_bed":12,"minecraft:time_since_rest":16106,"minecraft:damage_taken":3340,"minecraft:damage_dealt":9049,"minecraft:swim_one_cm":68911,"minecraft:fly_one_cm":838355,"minecraft:open_chest":48,"minecraft:crouch_one_cm":8322,"minecraft:interact_with_smoker":6,"minecraft:use_cauldron":1,"minecraft:fall_one_cm":111288},"minecraft:crafted":{"minecraft:oak_planks":296,"minecraft:cobblestone_slab":6,"minecraft:furnace":1,"minecraft:iron_boots":1,"minecraft:iron_axe":2,"minecraft:stone_pickaxe":1,"minecraft:chest":4,"minecraft:stone_hoe":1,"minecraft:wheat":351,"minecraft:cooked_beef":13,"minecraft:cooked_porkchop":12,"minecraft:crafting_table":2,"minecraft:wooden_pickaxe":1,"minecraft:iron_helmet":1,"minecraft:bucket":1,"minecraft:stone_axe":1,"minecraft:bread":117,"minecraft:air":0,"minecraft:oak_boat":1,"minecraft:iron_chestplate":1,"minecraft:shield":2,"minecraft:stick":52,"minecraft:iron_ingot":45,"minecraft:iron_pickaxe":4,"minecraft:iron_leggings":1,"minecraft:iron_shovel":9,"minecraft:gold_ingot":4,"minecraft:white_bed":1,"minecraft:torch":12},"minecraft:killed":{"minecraft:spider":3,"minecraft:skeleton":10,"minecraft:pig":9,"minecraft:wandering_trader":1,"minecraft:creeper":1,"minecraft:sheep":3,"minecraft:trader_llama":2,"minecraft:zombie":28,"minecraft:cow":7},"minecraft:used":{"minecraft:iron_shovel":2318,"minecraft:chest":6,"minecraft:shield":57,"minecraft:stone_hoe":27,"minecraft:iron_chestplate":1,"minecraft:torch":12,"minecraft:dirt":290,"minecraft:mutton":4,"minecraft:carrot":2,"minecraft:granite":1,"minecraft:lava_bucket":3,"minecraft:iron_axe":198,"minecraft:iron_helmet":1,"minecraft:iron_boots":1,"minecraft:bow":16,"minecraft:furnace":7,"minecraft:oak_sapling":3,"minecraft:cooked_beef":13,"minecraft:water_bucket":5,"minecraft:stone_pickaxe":131,"minecraft:oak_planks":14,"minecraft:wooden_pickaxe":6,"minecraft:cobblestone_slab":6,"minecraft:crafting_table":17,"minecraft:white_bed":1,"minecraft:oak_log":2,"minecraft:cornflower":4,"minecraft:bread":55,"minecraft:iron_pickaxe":759,"minecraft:map":1,"minecraft:stone_axe":63,"minecraft:cobblestone":104,"minecraft:cooked_porkchop":7,"minecraft:bucket":8,"minecraft:andesite":8,"minecraft:oak_boat":1},"minecraft:picked_up":{"minecraft:crafting_table":15,"minecraft:azure_bluet":52,"minecraft:lead":2,"minecraft:cornflower":7,"minecraft:raw_copper":19,"minecraft:flint_and_steel":1,"minecraft:iron_shovel":1,"minecraft:beef":13,"minecraft:oak_boat":2,"minecraft:rose_bush":2,"minecraft:iron_nugget":4,"minecraft:iron_pickaxe":1,"minecraft:lectern":2,"minecraft:sugar_cane":32,"minecraft:chest":2,"minecraft:egg":2,"minecraft:furnace":6,"minecraft:golden_helmet":1,"minecraft:stick":6,"minecraft:raw_iron":71,"minecraft:porkchop":23,"minecraft:carrot":1,"minecraft:cauldron":14,"minecraft:rotten_flesh":60,"minecraft:arrow":15,"minecraft:hay_block":39,"minecraft:mutton":4,"minecraft:cobblestone":687,"minecraft:white_wool":3,"minecraft:stripped_oak_log":1,"minecraft:andesite":8,"minecraft:leather":18,"minecraft:smoker":2,"minecraft:oak_log":76,"minecraft:dirt":2400,"minecraft:bone":9,"minecraft:apple":6,"minecraft:bow":2,"minecraft:wheat_seeds":49,"minecraft:raw_gold":16,"minecraft:iron_ingot":13,"minecraft:oak_planks":64,"minecraft:stone_hoe":1,"minecraft:book":24,"minecraft:cooked_porkchop":3,"minecraft:dandelion":35,"minecraft:stone_axe":1,"minecraft:iron_helmet":1,"minecraft:granite":3,"minecraft:bread":29,"minecraft:oak_sapling":11,"minecraft:coal":17},"minecraft:dropped":{"minecraft:wheat_seeds":1,"minecraft:granite":2,"minecraft:cornflower":3,"minecraft:iron_pickaxe":1,"minecraft:iron_shovel":1,"minecraft:iron_nugget":4,"minecraft:raw_copper":19,"minecraft:azure_bluet":2,"minecraft:filled_map":1,"minecraft:bow":1}},"DataVersion":3105}