{"stats":{"minecraft:picked_up":{"minecraft:stick":1,"minecraft:oak_log":5,"minecraft:oak_sapling":2,"minecraft:hay_block":11},"minecraft:mined":{"minecraft:hay_block":11,"minecraft:oak_log":5,"minecraft:oak_leaves":2},"minecraft:custom":{"minecraft:jump":90,"minecraft:open_chest":1,"minecraft:time_since_rest":806,"minecraft:leave_game":3,"minecraft:play_time":6634,"minecraft:sprint_one_cm":19927,"minecraft:time_since_death":6634,"minecraft:walk_one_cm":10227,"minecraft:sleep_in_bed":1,"minecraft:total_world_time":6634,"minecraft:fall_one_cm":1312,"minecraft:fly_one_cm":23979},"minecraft:crafted":{"minecraft:crafting_table":1,"minecraft:oak_planks":20,"minecraft:stick":8},"minecraft:used":{"minecraft:bread":1}},"DataVersion":3105}