{"stats":{"minecraft:used":{"minecraft:crafting_table":1,"minecraft:furnace":1,"minecraft:stone_pickaxe":8,"minecraft:wooden_pickaxe":8},"minecraft:mined":{"minecraft:oak_log":6,"minecraft:stone":16,"minecraft:oak_leaves":1},"minecraft:picked_up":{"minecraft:stick":2,"minecraft:oak_log":5,"minecraft:oak_sapling":2,"minecraft:cobblestone":16},"minecraft:crafted":{"minecraft:stone_sword":1,"minecraft:furnace":1,"minecraft:oak_planks":20,"minecraft:stone_axe":1,"minecraft:crafting_table":1,"minecraft:stick":8,"minecraft:wooden_pickaxe":1,"minecraft:stone_pickaxe":1},"minecraft:custom":{"minecraft:time_since_rest":4814,"minecraft:sprint_one_cm":6062,"minecraft:play_time":4814,"minecraft:damage_taken":20,"minecraft:walk_one_cm":6191,"minecraft:jump":52,"minecraft:leave_game":1,"minecraft:time_since_death":4814,"minecraft:total_world_time":4814,"minecraft:interact_with_crafting_table":5,"minecraft:fall_one_cm":1318,"minecraft:fly_one_cm":11403}},"DataVersion":3120}