{"stats":{"minecraft:mined":{"minecraft:white_bed":2,"minecraft:oak_door":1,"minecraft:kelp_plant":3,"minecraft:brewing_stand":1,"minecraft:crafting_table":7,"minecraft:grass_block":397,"minecraft:chest":2,"minecraft:tall_grass":5,"minecraft:copper_ore":24,"minecraft:cobblestone":22,"minecraft:lapis_ore":2,"minecraft:composter":1,"minecraft:kelp":3,"minecraft:diorite":6,"minecraft:furnace":4,"minecraft:birch_log":23,"minecraft:iron_ore":13,"minecraft:wheat":4,"minecraft:birch_leaves":9,"minecraft:grass":4,"minecraft:oak_log":68,"minecraft:potatoes":1,"minecraft:coal_ore":125,"minecraft:beetroots":5,"minecraft:dirt_path":28,"minecraft:gravel":6,"minecraft:dirt":545,"minecraft:stone":2115,"minecraft:white_wool":3,"minecraft:oak_leaves":43},"minecraft:custom":{"minecraft:interact_with_furnace":33,"minecraft:mob_kills":16,"minecraft:interact_with_crafting_table":38,"minecraft:leave_game":4,"minecraft:time_since_death":78065,"minecraft:sleep_in_bed":15,"minecraft:time_since_rest":5840,"minecraft:sprint_one_cm":127984,"minecraft:damage_taken":3258,"minecraft:walk_one_cm":392713,"minecraft:damage_dealt":1634,"minecraft:swim_one_cm":131666,"minecraft:fly_one_cm":178352,"minecraft:play_time":181131,"minecraft:open_chest":27,"minecraft:crouch_one_cm":2497,"minecraft:sneak_time":2277,"minecraft:deaths":11,"minecraft:walk_under_water_one_cm":56323,"minecraft:jump":1391,"minecraft:walk_on_water_one_cm":76935,"minecraft:total_world_time":181131,"minecraft:fall_one_cm":40729},"minecraft:crafted":{"minecraft:oak_door":3,"minecraft:cooked_cod":8,"minecraft:oak_planks":92,"minecraft:stone_shovel":5,"minecraft:crafting_table":3,"minecraft:dried_kelp":5,"minecraft:wooden_pickaxe":3,"minecraft:iron_sword":1,"minecraft:furnace":2,"minecraft:birch_planks":92,"minecraft:bone_meal":3,"minecraft:stone_axe":2,"minecraft:air":0,"minecraft:iron_axe":1,"minecraft:stick":92,"minecraft:iron_ingot":13,"minecraft:iron_pickaxe":2,"minecraft:stone_pickaxe":20,"minecraft:chest":4,"minecraft:iron_shovel":1,"minecraft:white_bed":1},"minecraft:killed":{"minecraft:cod":8,"minecraft:skeleton":2,"minecraft:zombie":2,"minecraft:chicken":1,"minecraft:drowned":3},"minecraft:killed_by":{"minecraft:skeleton":5,"minecraft:creeper":3,"minecraft:drowned":1},"minecraft:picked_up":{"minecraft:birch_log":29,"minecraft:crafting_table":9,"minecraft:wheat":1,"minecraft:feather":1,"minecraft:chicken":1,"minecraft:wooden_pickaxe":2,"minecraft:potato":1,"minecraft:birch_planks":40,"minecraft:flint":3,"minecraft:oak_log":68,"minecraft:brewing_stand":1,"minecraft:lapis_lazuli":24,"minecraft:dirt":1477,"minecraft:raw_copper":89,"minecraft:bone":3,"minecraft:beetroot":4,"minecraft:apple":1,"minecraft:kelp":5,"minecraft:bow":3,"minecraft:wheat_seeds":14,"minecraft:stone_pickaxe":2,"minecraft:iron_pickaxe":2,"minecraft:chest":2,"minecraft:birch_sapling":6,"minecraft:oak_planks":24,"minecraft:furnace":4,"minecraft:stick":58,"minecraft:raw_iron":13,"minecraft:oak_door":3,"minecraft:composter":1,"minecraft:gravel":9,"minecraft:diorite":6,"minecraft:white_bed":3,"minecraft:stone_shovel":2,"minecraft:arrow":3,"minecraft:rotten_flesh":3,"minecraft:stone_axe":2,"minecraft:beetroot_seeds":15,"minecraft:oak_sapling":17,"minecraft:cod":8,"minecraft:coal":195,"minecraft:white_wool":3,"minecraft:cobblestone":2332},"minecraft:broken":{"minecraft:stone_pickaxe":14,"minecraft:iron_shovel":1,"minecraft:stone_shovel":3,"minecraft:wooden_pickaxe":1},"minecraft:used":{"minecraft:beetroot":4,"minecraft:wheat_seeds":3,"minecraft:iron_shovel":250,"minecraft:stone_shovel":493,"minecraft:stone_pickaxe":1985,"minecraft:wooden_pickaxe":65,"minecraft:chest":6,"minecraft:iron_sword":17,"minecraft:oak_door":3,"minecraft:dirt":60,"minecraft:crafting_table":8,"minecraft:white_bed":4,"minecraft:iron_axe":7,"minecraft:iron_pickaxe":263,"minecraft:gravel":3,"minecraft:stone_axe":93,"minecraft:cobblestone":29,"minecraft:bow":1,"minecraft:furnace":5,"minecraft:oak_sapling":1,"minecraft:cooked_cod":6,"minecraft:beetroot_seeds":13,"minecraft:potato":1}},"DataVersion":3105}