{"stats":{"minecraft:used":{"minecraft:stone_sword":25,"minecraft:stone_pickaxe":34,"minecraft:wooden_pickaxe":8,"minecraft:stone_axe":29,"minecraft:crafting_table":1,"minecraft:furnace":1},"minecraft:killed":{"minecraft:skeleton":2,"minecraft:cow":2},"minecraft:mined":{"minecraft:furnace":1,"minecraft:pumpkin":19,"minecraft:crafting_table":2,"minecraft:grass":6,"minecraft:grass_block":1,"minecraft:oak_log":10,"minecraft:tall_grass":2,"minecraft:stone":40,"minecraft:oak_leaves":5},"minecraft:crafted":{"minecraft:oak_planks":20,"minecraft:crafting_table":1,"minecraft:stick":8,"minecraft:wooden_pickaxe":1,"minecraft:stone_pickaxe":1,"minecraft:stone_sword":1,"minecraft:furnace":1,"minecraft:stone_axe":1},"minecraft:picked_up":{"minecraft:crafting_table":2,"minecraft:stick":2,"minecraft:pumpkin":18,"minecraft:leather":2,"minecraft:oak_log":9,"minecraft:dirt":1,"minecraft:wheat_seeds":2,"minecraft:beef":6,"minecraft:oak_sapling":2,"minecraft:cobblestone":40,"minecraft:furnace":1},"minecraft:custom":{"minecraft:time_since_rest":11017,"minecraft:sprint_one_cm":15522,"minecraft:damage_taken":30,"minecraft:walk_one_cm":34613,"minecraft:mob_kills":4,"minecraft:damage_dealt":575,"minecraft:interact_with_crafting_table":5,"minecraft:fly_one_cm":29565,"minecraft:crouch_one_cm":72,"minecraft:play_time":11017,"minecraft:sneak_time":12,"minecraft:jump":250,"minecraft:leave_game":2,"minecraft:time_since_death":11017,"minecraft:total_world_time":11017,"minecraft:fall_one_cm":6578}},"DataVersion":3120}