{"stats":{"minecraft:picked_up":{"minecraft:oak_log":11,"minecraft:cobblestone":3},"minecraft:used":{"minecraft:wooden_pickaxe":3,"minecraft:crafting_table":1},"minecraft:mined":{"minecraft:tall_grass":1,"minecraft:stone":3,"minecraft:oak_log":11,"minecraft:oak_leaves":3},"minecraft:custom":{"minecraft:jump":26,"minecraft:time_since_rest":2324,"minecraft:leave_game":1,"minecraft:sprint_one_cm":3350,"minecraft:play_time":2324,"minecraft:time_since_death":2324,"minecraft:walk_one_cm":2000,"minecraft:total_world_time":2324,"minecraft:interact_with_crafting_table":3,"minecraft:fall_one_cm":209,"minecraft:fly_one_cm":4471},"minecraft:crafted":{"minecraft:crafting_table":1,"minecraft:oak_planks":44,"minecraft:stick":4,"minecraft:wooden_pickaxe":1}},"DataVersion":3120}