{"stats":{"minecraft:mined":{"minecraft:yellow_wool":3,"minecraft:crafting_table":4,"minecraft:grass":2,"minecraft:oak_log":33,"minecraft:coal_ore":11,"minecraft:water_cauldron":3,"minecraft:stone":45,"minecraft:white_wool":2,"minecraft:oak_leaves":1,"minecraft:wall_torch":6},"minecraft:used":{"minecraft:stone_pickaxe":59,"minecraft:stone_axe":29,"minecraft:dirt":1,"minecraft:crafting_table":3,"minecraft:oak_boat":1,"minecraft:egg":1},"minecraft:picked_up":{"minecraft:crafting_table":4,"minecraft:yellow_wool":2,"minecraft:torch":6,"minecraft:oak_log":33,"minecraft:cauldron":3,"minecraft:dirt":1,"minecraft:bone":2,"minecraft:arrow":1,"minecraft:wheat_seeds":2,"minecraft:coal":11,"minecraft:white_wool":1,"minecraft:cobblestone":50,"minecraft:egg":1},"minecraft:killed_by":{"minecraft:creeper":1},"minecraft:custom":{"minecraft:time_since_rest":10680,"minecraft:sprint_one_cm":35671,"minecraft:damage_taken":495,"minecraft:walk_one_cm":66488,"minecraft:drop":5,"minecraft:damage_dealt":41,"minecraft:swim_one_cm":3754,"minecraft:interact_with_crafting_table":5,"minecraft:fly_one_cm":48785,"minecraft:crouch_one_cm":656,"minecraft:play_time":15571,"minecraft:deaths":1,"minecraft:sneak_time":263,"minecraft:walk_under_water_one_cm":2161,"minecraft:boat_one_cm":15394,"minecraft:jump":312,"minecraft:walk_on_water_one_cm":1519,"minecraft:time_since_death":10635,"minecraft:total_world_time":15571,"minecraft:fall_one_cm":6142},"minecraft:crafted":{"minecraft:oak_boat":1,"minecraft:oak_planks":20,"minecraft:crafting_table":1,"minecraft:stick":8,"minecraft:stone_pickaxe":1,"minecraft:stone_axe":1},"minecraft:dropped":{"minecraft:wheat_seeds":2,"minecraft:yellow_wool":2,"minecraft:white_wool":1}},"DataVersion":3105}