{"stats":{"minecraft:custom":{"minecraft:time_since_rest":27128,"minecraft:sprint_one_cm":55723,"minecraft:damage_taken":135,"minecraft:walk_one_cm":103088,"minecraft:mob_kills":9,"minecraft:damage_dealt":737,"minecraft:swim_one_cm":5830,"minecraft:interact_with_crafting_table":4,"minecraft:fly_one_cm":70847,"minecraft:open_chest":1,"minecraft:crouch_one_cm":1495,"minecraft:play_time":27128,"minecraft:sneak_time":623,"minecraft:walk_under_water_one_cm":4428,"minecraft:jump":644,"minecraft:leave_game":2,"minecraft:walk_on_water_one_cm":3193,"minecraft:time_since_death":27128,"minecraft:climb_one_cm":527,"minecraft:total_world_time":27128,"minecraft:fall_one_cm":14504},"minecraft:crafted":{"minecraft:oak_planks":132,"minecraft:crafting_table":1,"minecraft:stick":8,"minecraft:wooden_pickaxe":1,"minecraft:stone_pickaxe":1,"minecraft:chest":1,"minecraft:white_bed":1,"minecraft:stone_axe":1},"minecraft:mined":{"minecraft:iron_ore":2,"minecraft:crafting_table":2,"minecraft:grass":4,"minecraft:coal_ore":13,"minecraft:grass_block":9,"minecraft:oak_log":34,"minecraft:dirt":9,"minecraft:stone":26,"minecraft:oak_leaves":3},"minecraft:picked_up":{"minecraft:stick":1,"minecraft:crafting_table":2,"minecraft:raw_iron":2,"minecraft:chicken":1,"minecraft:leather":1,"minecraft:oak_log":34,"minecraft:dirt":18,"minecraft:beef":2,"minecraft:mutton":10,"minecraft:coal":13,"minecraft:white_wool":7,"minecraft:cobblestone":25},"minecraft:killed":{"minecraft:sheep":7,"minecraft:chicken":1,"minecraft:cow":1},"minecraft:used":{"minecraft:oak_log":1,"minecraft:chicken":1,"minecraft:stone_pickaxe":32,"minecraft:chest":1,"minecraft:wooden_pickaxe":9,"minecraft:stone_axe":38,"minecraft:dirt":18,"minecraft:mutton":5,"minecraft:beef":2,"minecraft:crafting_table":3,"minecraft:white_bed":1}},"DataVersion":3120}