{"stats":{"minecraft:mined":{"minecraft:dark_oak_planks":1,"minecraft:white_bed":2,"minecraft:crafting_table":7,"minecraft:rose_bush":9,"minecraft:cobblestone":1,"minecraft:wall_torch":8,"minecraft:hay_block":13,"minecraft:yellow_wool":3,"minecraft:birch_leaves":1,"minecraft:dark_oak_stairs":1,"minecraft:grass":5,"minecraft:coal_ore":11,"minecraft:oak_log":33,"minecraft:water_cauldron":4,"minecraft:sand":18,"minecraft:stone":45,"minecraft:white_wool":2,"minecraft:oak_leaves":1},"minecraft:custom":{"minecraft:mob_kills":13,"minecraft:interact_with_crafting_table":8,"minecraft:time_since_death":46560,"minecraft:climb_one_cm":586,"minecraft:time_since_rest":46605,"minecraft:sprint_one_cm":56743,"minecraft:damage_taken":505,"minecraft:walk_one_cm":129540,"minecraft:drop":43,"minecraft:damage_dealt":1583,"minecraft:swim_one_cm":12692,"minecraft:talked_to_villager":9,"minecraft:fly_one_cm":94510,"minecraft:open_chest":12,"minecraft:crouch_one_cm":656,"minecraft:play_time":51496,"minecraft:deaths":1,"minecraft:sneak_time":640,"minecraft:walk_under_water_one_cm":23360,"minecraft:boat_one_cm":477178,"minecraft:jump":991,"minecraft:walk_on_water_one_cm":13145,"minecraft:total_world_time":51496,"minecraft:fall_one_cm":13968},"minecraft:crafted":{"minecraft:oak_planks":20,"minecraft:stone_shovel":1,"minecraft:crafting_table":1,"minecraft:stone_axe":1,"minecraft:bread":48,"minecraft:oak_boat":1,"minecraft:stick":8,"minecraft:iron_ingot":2,"minecraft:stone_pickaxe":1,"minecraft:wheat":117},"minecraft:killed_by":{"minecraft:creeper":1},"minecraft:killed":{"minecraft:pig":4,"minecraft:sheep":3,"minecraft:drowned":3,"minecraft:cow":3},"minecraft:dropped":{"minecraft:dark_oak_stairs":1,"minecraft:wheat_seeds":3,"minecraft:tnt":1,"minecraft:yellow_wool":2,"minecraft:birch_sapling":1,"minecraft:prismarine_crystals":1,"minecraft:oak_planks":7,"minecraft:leather":2,"minecraft:white_bed":1,"minecraft:suspicious_stew":2,"minecraft:stick":2,"minecraft:filled_map":1,"minecraft:arrow":1,"minecraft:paper":11,"minecraft:dark_oak_planks":1,"minecraft:white_wool":4,"minecraft:bone":2},"minecraft:picked_up":{"minecraft:crafting_table":7,"minecraft:yellow_wool":2,"minecraft:leather":2,"minecraft:oak_log":33,"minecraft:dirt":1,"minecraft:bone":2,"minecraft:wheat_seeds":3,"minecraft:beef":5,"minecraft:oak_boat":4,"minecraft:rose_bush":9,"minecraft:birch_sapling":1,"minecraft:dark_oak_stairs":1,"minecraft:egg":1,"minecraft:torch":8,"minecraft:porkchop":10,"minecraft:sand":15,"minecraft:white_bed":2,"minecraft:cauldron":4,"minecraft:dark_oak_planks":1,"minecraft:arrow":1,"minecraft:rotten_flesh":2,"minecraft:hay_block":13,"minecraft:mutton":5,"minecraft:coal":11,"minecraft:cobblestone":51,"minecraft:white_wool":4},"minecraft:used":{"minecraft:stone_pickaxe":61,"minecraft:stone_shovel":8,"minecraft:dirt":1,"minecraft:sand":15,"minecraft:crafting_table":6,"minecraft:bread":5,"minecraft:stone_axe":72,"minecraft:oak_boat":5,"minecraft:egg":1}},"DataVersion":3105}