{"stats":{"minecraft:used":{"minecraft:crafting_table":1},"minecraft:mined":{"minecraft:oak_log":5,"minecraft:crafting_table":1},"minecraft:crafted":{"minecraft:crafting_table":1,"minecraft:oak_planks":20,"minecraft:stick":4,"minecraft:wooden_pickaxe":1},"minecraft:picked_up":{"minecraft:crafting_table":1,"minecraft:oak_log":5},"minecraft:custom":{"minecraft:jump":17,"minecraft:time_since_rest":1787,"minecraft:sprint_one_cm":2115,"minecraft:play_time":1787,"minecraft:time_since_death":1787,"minecraft:walk_one_cm":1701,"minecraft:total_world_time":1787,"minecraft:fall_one_cm":209,"minecraft:interact_with_crafting_table":1,"minecraft:fly_one_cm":4055}},"DataVersion":3120}