{"stats":{"minecraft:mined":{"minecraft:hay_block":13,"minecraft:white_bed":2,"minecraft:yellow_wool":3,"minecraft:crafting_table":6,"minecraft:grass":2,"minecraft:oak_log":33,"minecraft:coal_ore":11,"minecraft:water_cauldron":4,"minecraft:stone":45,"minecraft:white_wool":2,"minecraft:oak_leaves":1,"minecraft:wall_torch":8},"minecraft:custom":{"minecraft:time_since_rest":28605,"minecraft:sprint_one_cm":47469,"minecraft:damage_taken":505,"minecraft:walk_one_cm":105089,"minecraft:mob_kills":6,"minecraft:drop":5,"minecraft:damage_dealt":581,"minecraft:talked_to_villager":9,"minecraft:swim_one_cm":12196,"minecraft:interact_with_crafting_table":7,"minecraft:fly_one_cm":78240,"minecraft:open_chest":6,"minecraft:crouch_one_cm":656,"minecraft:play_time":33496,"minecraft:deaths":1,"minecraft:sneak_time":519,"minecraft:walk_under_water_one_cm":14256,"minecraft:boat_one_cm":187308,"minecraft:jump":827,"minecraft:time_since_death":28560,"minecraft:walk_on_water_one_cm":10879,"minecraft:total_world_time":33496,"minecraft:climb_one_cm":586,"minecraft:fall_one_cm":11133},"minecraft:crafted":{"minecraft:oak_boat":1,"minecraft:oak_planks":20,"minecraft:crafting_table":1,"minecraft:stick":8,"minecraft:iron_ingot":2,"minecraft:stone_pickaxe":1,"minecraft:stone_axe":1,"minecraft:bread":48,"minecraft:wheat":117},"minecraft:killed_by":{"minecraft:creeper":1},"minecraft:killed":{"minecraft:sheep":3,"minecraft:cow":3},"minecraft:dropped":{"minecraft:wheat_seeds":2,"minecraft:yellow_wool":2,"minecraft:white_wool":1},"minecraft:picked_up":{"minecraft:crafting_table":6,"minecraft:yellow_wool":2,"minecraft:leather":2,"minecraft:torch":8,"minecraft:oak_log":33,"minecraft:white_bed":2,"minecraft:dirt":1,"minecraft:cauldron":4,"minecraft:bone":2,"minecraft:arrow":1,"minecraft:wheat_seeds":2,"minecraft:hay_block":13,"minecraft:beef":5,"minecraft:oak_boat":1,"minecraft:mutton":5,"minecraft:coal":11,"minecraft:white_wool":4,"minecraft:cobblestone":50,"minecraft:egg":1},"minecraft:used":{"minecraft:bread":4,"minecraft:stone_pickaxe":60,"minecraft:stone_axe":53,"minecraft:dirt":1,"minecraft:crafting_table":5,"minecraft:oak_boat":2,"minecraft:egg":1}},"DataVersion":3105}