{"stats":{"minecraft:mined":{"minecraft:oak_log":5,"minecraft:wall_torch":4,"minecraft:crafting_table":1},"minecraft:picked_up":{"minecraft:crafting_table":1,"minecraft:oak_log":5,"minecraft:torch":4},"minecraft:custom":{"minecraft:jump":71,"minecraft:time_since_rest":3571,"minecraft:damage_taken":40,"minecraft:walk_on_water_one_cm":290,"minecraft:sprint_one_cm":8421,"minecraft:play_time":3571,"minecraft:time_since_death":3571,"minecraft:walk_one_cm":13478,"minecraft:total_world_time":3571,"minecraft:walk_under_water_one_cm":1263,"minecraft:fall_one_cm":1045,"minecraft:fly_one_cm":10449}},"DataVersion":3105}