{"stats":{"minecraft:mined":{"minecraft:hay_block":13,"minecraft:white_bed":1,"minecraft:yellow_wool":3,"minecraft:crafting_table":5,"minecraft:grass":2,"minecraft:oak_log":33,"minecraft:coal_ore":11,"minecraft:water_cauldron":4,"minecraft:stone":45,"minecraft:white_wool":2,"minecraft:oak_leaves":1,"minecraft:wall_torch":8},"minecraft:used":{"minecraft:bread":1,"minecraft:stone_pickaxe":60,"minecraft:stone_axe":51,"minecraft:dirt":1,"minecraft:crafting_table":4,"minecraft:oak_boat":1,"minecraft:egg":1},"minecraft:picked_up":{"minecraft:crafting_table":5,"minecraft:yellow_wool":2,"minecraft:leather":2,"minecraft:torch":6,"minecraft:oak_log":33,"minecraft:white_bed":1,"minecraft:cauldron":4,"minecraft:dirt":1,"minecraft:bone":2,"minecraft:arrow":1,"minecraft:wheat_seeds":2,"minecraft:hay_block":13,"minecraft:beef":5,"minecraft:oak_boat":1,"minecraft:mutton":5,"minecraft:coal":11,"minecraft:white_wool":4,"minecraft:cobblestone":50,"minecraft:egg":1},"minecraft:killed_by":{"minecraft:creeper":1},"minecraft:killed":{"minecraft:sheep":3,"minecraft:cow":3},"minecraft:custom":{"minecraft:time_since_rest":22680,"minecraft:sprint_one_cm":40686,"minecraft:damage_taken":505,"minecraft:walk_one_cm":87688,"minecraft:mob_kills":6,"minecraft:drop":5,"minecraft:damage_dealt":581,"minecraft:swim_one_cm":12196,"minecraft:interact_with_crafting_table":6,"minecraft:fly_one_cm":59744,"minecraft:open_chest":6,"minecraft:crouch_one_cm":656,"minecraft:play_time":27571,"minecraft:deaths":1,"minecraft:sneak_time":519,"minecraft:walk_under_water_one_cm":14256,"minecraft:boat_one_cm":163428,"minecraft:jump":752,"minecraft:walk_on_water_one_cm":10879,"minecraft:time_since_death":22635,"minecraft:climb_one_cm":586,"minecraft:total_world_time":27571,"minecraft:fall_one_cm":8358},"minecraft:crafted":{"minecraft:oak_boat":1,"minecraft:oak_planks":20,"minecraft:crafting_table":1,"minecraft:stick":8,"minecraft:stone_pickaxe":1,"minecraft:stone_axe":1,"minecraft:bread":48,"minecraft:wheat":117},"minecraft:dropped":{"minecraft:wheat_seeds":2,"minecraft:yellow_wool":2,"minecraft:white_wool":1}},"DataVersion":3105}