{"stats":{"minecraft:dropped":{"minecraft:oak_sapling":2},"minecraft:custom":{"minecraft:jump":36,"minecraft:time_since_rest":2032,"minecraft:leave_game":1,"minecraft:crouch_one_cm":903,"minecraft:sprint_one_cm":2393,"minecraft:play_time":2032,"minecraft:time_since_death":2032,"minecraft:walk_one_cm":1740,"minecraft:sneak_time":235,"minecraft:total_world_time":2032,"minecraft:fall_one_cm":954,"minecraft:drop":2,"minecraft:fly_one_cm":5443},"minecraft:picked_up":{"minecraft:oak_log":5,"minecraft:oak_sapling":3,"minecraft:wheat_seeds":1,"minecraft:dirt":1},"minecraft:mined":{"minecraft:tall_grass":10,"minecraft:grass":3,"minecraft:oak_log":5,"minecraft:oak_leaves":1},"minecraft:used":{"minecraft:dirt":1,"minecraft:oak_sapling":1}},"DataVersion":3120}