{"stats":{"minecraft:dropped":{"minecraft:cooked_beef":1,"minecraft:mossy_cobblestone":5,"minecraft:bowl":2,"minecraft:iron_axe":1,"minecraft:wooden_pickaxe":1},"minecraft:custom":{"minecraft:interact_with_furnace":19,"minecraft:mob_kills":60,"minecraft:interact_with_crafting_table":19,"minecraft:bell_ring":5,"minecraft:leave_game":3,"minecraft:time_since_death":72632,"minecraft:sleep_in_bed":2,"minecraft:climb_one_cm":1474,"minecraft:time_since_rest":7252,"minecraft:sprint_one_cm":103536,"minecraft:damage_taken":736,"minecraft:walk_one_cm":122294,"minecraft:damage_blocked_by_shield":120,"minecraft:drop":6,"minecraft:damage_dealt":7175,"minecraft:damage_dealt_absorbed":80,"minecraft:swim_one_cm":17320,"minecraft:fly_one_cm":210102,"minecraft:open_chest":7,"minecraft:crouch_one_cm":13438,"minecraft:play_time":72632,"minecraft:sneak_time":3465,"minecraft:walk_under_water_one_cm":8139,"minecraft:boat_one_cm":110480,"minecraft:jump":1193,"minecraft:interact_with_brewingstand":1,"minecraft:walk_on_water_one_cm":7415,"minecraft:horse_one_cm":320346,"minecraft:interact_with_smoker":5,"minecraft:total_world_time":72632,"minecraft:inspect_dispenser":2,"minecraft:fall_one_cm":36295},"minecraft:crafted":{"minecraft:cooked_beef":24,"minecraft:oak_planks":56,"sophisticatedbackpacks:backpack":1,"minecraft:crafting_table":5,"minecraft:wooden_pickaxe":1,"minecraft:iron_helmet":1,"minecraft:furnace":3,"minecraft:cooked_salmon":3,"minecraft:bucket":1,"minecraft:stone_axe":1,"minecraft:air":0,"minecraft:oak_boat":1,"minecraft:iron_boots":1,"minecraft:iron_chestplate":1,"minecraft:shield":1,"minecraft:iron_axe":1,"minecraft:stick":24,"minecraft:iron_ingot":34,"minecraft:iron_pickaxe":1,"minecraft:stone_pickaxe":1,"minecraft:chest":1,"minecraft:iron_leggings":1,"minecraft:golden_hoe":1,"sophisticatedbackpacks:iron_backpack":1,"minecraft:smoker":1},"minecraft:mined":{"minecraft:white_bed":6,"minecraft:mossy_cobblestone":5,"minecraft:smoker":2,"minecraft:brewing_stand":1,"minecraft:crafting_table":6,"minecraft:grass_block":1,"sophisticatedbackpacks:iron_backpack":1,"minecraft:chest":6,"minecraft:lectern":1,"minecraft:redstone_wire":1,"minecraft:cartography_table":1,"minecraft:tall_grass":3,"minecraft:cobblestone":7,"minecraft:composter":2,"minecraft:oak_planks":1,"minecraft:sugar_cane":22,"minecraft:chiseled_stone_bricks":2,"minecraft:hay_block":25,"minecraft:smooth_stone":1,"minecraft:seagrass":1,"minecraft:furnace":3,"minecraft:iron_ore":34,"minecraft:lilac":1,"minecraft:yellow_bed":7,"minecraft:grass":9,"minecraft:bookshelf":4,"minecraft:oak_log":40,"minecraft:coal_ore":15,"minecraft:water_cauldron":4,"minecraft:vine":1,"minecraft:dirt":3,"minecraft:bamboo":3,"minecraft:stone":76,"minecraft:oak_leaves":16},"minecraft:picked_up":{"minecraft:crafting_table":3,"minecraft:leather_chestplate":1,"minecraft:cooked_beef":1,"minecraft:salmon":9,"minecraft:leather":22,"minecraft:potato":19,"minecraft:smoker":1,"minecraft:oak_log":39,"minecraft:brewing_stand":1,"minecraft:yellow_bed":7,"minecraft:gunpowder":3,"minecraft:map":3,"minecraft:dirt":23,"minecraft:string":5,"minecraft:iron_axe":1,"minecraft:leather_boots":1,"minecraft:bone":2,"minecraft:apple":10,"minecraft:cartography_table":1,"minecraft:gold_nugget":1,"minecraft:wheat_seeds":4,"minecraft:smooth_stone":1,"minecraft:beef":28,"minecraft:lectern":1,"minecraft:oak_boat":2,"minecraft:bamboo":9,"minecraft:light_gray_wool":1,"minecraft:sugar_cane":13,"minecraft:chest":5,"minecraft:oak_planks":1,"minecraft:book":12,"minecraft:furnace":3,"minecraft:raw_iron":43,"minecraft:composter":2,"minecraft:dandelion":1,"minecraft:porkchop":22,"sophisticatedbackpacks:iron_backpack":1,"minecraft:white_bed":6,"minecraft:redstone":1,"minecraft:leather_helmet":1,"minecraft:cauldron":4,"minecraft:mossy_cobblestone":5,"minecraft:arrow":6,"minecraft:rotten_flesh":1,"minecraft:lever":2,"minecraft:hay_block":25,"minecraft:emerald":6,"minecraft:bread":16,"minecraft:oak_sapling":6,"minecraft:mutton":18,"minecraft:coal":24,"minecraft:white_wool":11,"minecraft:cobblestone":81,"minecraft:ender_pearl":1},"minecraft:killed":{"minecraft:pig":11,"minecraft:salmon":6,"minecraft:spider":3,"minecraft:creeper":4,"minecraft:horse":1,"minecraft:sheep":12,"minecraft:skeleton":3,"minecraft:zombie":2,"minecraft:enderman":1,"minecraft:cow":17},"minecraft:used":{"minecraft:water_bucket":2,"sophisticatedbackpacks:iron_backpack":1,"minecraft:stone_pickaxe":103,"minecraft:wooden_pickaxe":15,"minecraft:shield":3,"minecraft:cooked_salmon":3,"minecraft:golden_hoe":26,"minecraft:dirt":4,"minecraft:crafting_table":7,"minecraft:white_bed":1,"minecraft:smoker":2,"minecraft:oak_log":7,"minecraft:lava_bucket":1,"minecraft:apple":1,"minecraft:iron_axe":116,"minecraft:iron_pickaxe":40,"minecraft:suspicious_stew":2,"minecraft:stone_axe":59,"minecraft:cobblestone":22,"minecraft:furnace":3,"minecraft:bucket":4,"minecraft:yellow_bed":1,"minecraft:oak_boat":2,"minecraft:cooked_beef":4}},"DataVersion":3120}