{"stats":{"minecraft:mined":{"minecraft:white_bed":8,"minecraft:mossy_cobblestone":2,"minecraft:granite":291,"minecraft:grass_block":57,"minecraft:spruce_leaves":21,"minecraft:composter":1,"minecraft:large_fern":2,"minecraft:smooth_stone":1,"minecraft:furnace":3,"minecraft:carrots":8,"minecraft:iron_ore":35,"minecraft:andesite":72,"minecraft:potatoes":6,"minecraft:water_cauldron":1,"minecraft:dirt_path":3,"minecraft:oak_stairs":1,"minecraft:stone":1040,"minecraft:glass_pane":1,"minecraft:smoker":1,"minecraft:spruce_door":1,"minecraft:crafting_table":16,"minecraft:torch":5,"minecraft:blast_furnace":3,"minecraft:poppy":3,"minecraft:chest":10,"minecraft:tall_grass":4,"minecraft:copper_ore":2,"minecraft:cobblestone":35,"minecraft:grindstone":4,"minecraft:sugar_cane":10,"minecraft:diorite":3,"minecraft:wall_torch":3,"minecraft:blue_bed":10,"minecraft:seagrass":1,"minecraft:purple_bed":10,"minecraft:cobblestone_wall":2,"minecraft:birch_log":2,"minecraft:wheat":6,"minecraft:sweet_berry_bush":56,"minecraft:spruce_log":67,"minecraft:birch_leaves":3,"minecraft:grass":36,"minecraft:oak_log":179,"minecraft:coal_ore":83,"minecraft:beetroots":1,"minecraft:gravel":1,"minecraft:dirt":31,"minecraft:stonecutter":1,"minecraft:oak_leaves":18,"minecraft:fern":4},"minecraft:custom":{"minecraft:mob_kills":50,"minecraft:interact_with_crafting_table":51,"minecraft:leave_game":8,"minecraft:time_since_death":18014,"minecraft:sprint_one_cm":624454,"minecraft:walk_one_cm":495718,"minecraft:damage_blocked_by_shield":165,"minecraft:drop":18,"minecraft:talked_to_villager":2,"minecraft:play_time":235180,"minecraft:deaths":5,"minecraft:sneak_time":1873,"minecraft:walk_under_water_one_cm":12787,"minecraft:boat_one_cm":1156854,"minecraft:jump":3041,"minecraft:walk_on_water_one_cm":23932,"minecraft:total_world_time":235180,"minecraft:interact_with_furnace":23,"minecraft:sleep_in_bed":13,"minecraft:time_since_rest":0,"minecraft:damage_taken":2339,"minecraft:damage_dealt":5621,"minecraft:swim_one_cm":75965,"minecraft:fly_one_cm":497195,"minecraft:open_chest":28,"minecraft:crouch_one_cm":4285,"minecraft:interact_with_smoker":2,"minecraft:fall_one_cm":75416},"minecraft:crafted":{"minecraft:oak_planks":604,"minecraft:stone_shovel":2,"minecraft:furnace":1,"minecraft:spruce_fence":18,"minecraft:cooked_mutton":5,"minecraft:stone_pickaxe":13,"minecraft:cooked_beef":6,"minecraft:crafting_table":7,"minecraft:spruce_planks":28,"minecraft:wooden_pickaxe":6,"minecraft:birch_planks":8,"minecraft:stone_axe":7,"minecraft:air":0,"minecraft:oak_boat":6,"minecraft:iron_chestplate":1,"minecraft:shield":1,"minecraft:stick":100,"minecraft:iron_ingot":19,"minecraft:iron_pickaxe":1,"minecraft:oak_stairs":48,"minecraft:iron_leggings":1,"minecraft:white_bed":2,"minecraft:torch":24},"minecraft:killed":{"minecraft:chicken":1,"minecraft:pig":2,"minecraft:zombie_villager":1,"minecraft:sheep":26,"minecraft:zombie":6,"minecraft:cow":14},"minecraft:killed_by":{"minecraft:zombie_villager":1,"minecraft:creeper":1,"minecraft:drowned":1,"minecraft:skeleton":2},"minecraft:picked_up":{"minecraft:crafting_table":16,"minecraft:iron_chestplate":1,"minecraft:chicken":1,"minecraft:oak_stairs":1,"minecraft:raw_copper":7,"minecraft:large_fern":1,"minecraft:armor_stand":2,"minecraft:smooth_stone":1,"minecraft:beef":31,"minecraft:oak_boat":11,"minecraft:iron_nugget":2,"minecraft:light_gray_wool":1,"minecraft:iron_pickaxe":1,"minecraft:sugar_cane":22,"minecraft:chest":9,"minecraft:furnace":3,"minecraft:stick":2,"minecraft:raw_iron":34,"minecraft:composter":1,"minecraft:torch":10,"minecraft:porkchop":4,"minecraft:diorite":1,"minecraft:carrot":8,"minecraft:cauldron":1,"minecraft:rotten_flesh":2,"minecraft:beetroot_seeds":1,"minecraft:mutton":43,"minecraft:obsidian":7,"minecraft:white_wool":24,"minecraft:cobblestone":1045,"minecraft:birch_log":2,"minecraft:feather":2,"minecraft:andesite":58,"minecraft:leather":17,"minecraft:fern":3,"minecraft:smoker":1,"minecraft:potato":25,"minecraft:oak_log":176,"minecraft:cobblestone_wall":2,"minecraft:blue_bed":10,"minecraft:dirt":91,"minecraft:apple":11,"minecraft:kelp":8,"minecraft:stonecutter":1,"minecraft:wheat_seeds":11,"minecraft:stone_pickaxe":1,"minecraft:grindstone":4,"minecraft:iron_ingot":5,"minecraft:sweet_berries":146,"minecraft:gravel":1,"minecraft:spruce_sapling":11,"minecraft:blast_furnace":3,"minecraft:grass_block":1,"minecraft:white_bed":8,"minecraft:spruce_log":70,"minecraft:mossy_cobblestone":1,"minecraft:pumpkin_seeds":10,"minecraft:purple_bed":9,"minecraft:iron_helmet":2,"minecraft:granite":286,"minecraft:gray_wool":1,"minecraft:emerald":6,"minecraft:spruce_sign":2,"minecraft:bread":7,"minecraft:oak_sapling":1,"minecraft:coal":93},"minecraft:dropped":{"minecraft:spruce_sign":1,"minecraft:wheat_seeds":7,"minecraft:oak_log":1,"minecraft:cobblestone":17,"minecraft:granite":1,"minecraft:dirt":9,"minecraft:gray_wool":1,"minecraft:large_fern":1,"minecraft:gravel":1,"minecraft:rotten_flesh":1,"minecraft:fern":1,"minecraft:wooden_pickaxe":4,"minecraft:stone_pickaxe":1},"minecraft:broken":{"minecraft:stone_pickaxe":7,"minecraft:stone_axe":2,"minecraft:iron_pickaxe":2},"minecraft:used":{"minecraft:stone_shovel":76,"minecraft:chest":6,"minecraft:shield":6,"minecraft:torch":26,"minecraft:dirt":27,"minecraft:mutton":11,"minecraft:carrot":5,"minecraft:spruce_fence":16,"minecraft:oak_stairs":49,"minecraft:sweet_berries":1,"minecraft:furnace":4,"minecraft:cooked_beef":6,"minecraft:cooked_mutton":4,"minecraft:stone_pickaxe":1051,"minecraft:oak_planks":6,"minecraft:wooden_pickaxe":37,"minecraft:blue_bed":4,"minecraft:crafting_table":17,"minecraft:blast_furnace":1,"minecraft:white_bed":8,"minecraft:smoker":1,"minecraft:oak_log":2,"minecraft:bread":12,"minecraft:iron_pickaxe":501,"minecraft:stone_axe":446,"minecraft:cobblestone":313,"minecraft:purple_bed":6,"minecraft:grindstone":1,"minecraft:oak_boat":15}},"DataVersion":3105}