{"stats":{"minecraft:mined":{"minecraft:white_bed":25,"minecraft:mossy_cobblestone":2,"minecraft:granite":299,"minecraft:grass_block":99,"minecraft:spruce_leaves":27,"minecraft:composter":3,"minecraft:kelp":2,"minecraft:large_fern":2,"minecraft:hay_block":45,"minecraft:smooth_stone":4,"minecraft:oak_trapdoor":1,"minecraft:carrots":8,"minecraft:furnace":10,"minecraft:iron_ore":37,"minecraft:andesite":114,"minecraft:fletching_table":5,"minecraft:peony":1,"minecraft:bell":1,"minecraft:bookshelf":4,"minecraft:potatoes":6,"minecraft:dirt_path":3,"minecraft:water_cauldron":2,"minecraft:oak_stairs":1,"minecraft:stone":2117,"minecraft:smithing_table":2,"minecraft:glass_pane":1,"minecraft:kelp_plant":15,"minecraft:smoker":1,"minecraft:dandelion":2,"minecraft:spruce_door":1,"minecraft:oak_fence":2,"minecraft:crafting_table":23,"minecraft:torch":8,"minecraft:blast_furnace":8,"minecraft:poppy":3,"minecraft:chest":26,"minecraft:rose_bush":3,"minecraft:lectern":16,"minecraft:copper_ore":2,"minecraft:tall_grass":17,"minecraft:cobblestone":127,"minecraft:oak_planks":3,"minecraft:grindstone":4,"minecraft:sugar_cane":60,"minecraft:diorite":144,"minecraft:blue_bed":10,"minecraft:wall_torch":6,"minecraft:seagrass":1,"minecraft:purple_bed":10,"minecraft:cobblestone_wall":2,"minecraft:birch_log":2,"minecraft:sweet_berry_bush":56,"minecraft:wheat":31,"minecraft:lilac":2,"minecraft:spruce_log":67,"minecraft:birch_leaves":12,"minecraft:yellow_bed":5,"minecraft:smooth_stone_slab":10,"minecraft:grass":153,"minecraft:oak_log":790,"minecraft:coal_ore":104,"minecraft:beetroots":1,"minecraft:gravel":8,"minecraft:dirt":179,"minecraft:cobweb":1,"minecraft:stonecutter":2,"minecraft:oak_leaves":125,"minecraft:fern":4},"minecraft:custom":{"minecraft:mob_kills":101,"minecraft:interact_with_crafting_table":99,"minecraft:bell_ring":7,"minecraft:leave_game":10,"minecraft:time_since_death":17795,"minecraft:climb_one_cm":1204,"minecraft:sprint_one_cm":1539759,"minecraft:walk_one_cm":1105275,"minecraft:damage_blocked_by_shield":165,"minecraft:drop":44,"minecraft:talked_to_villager":87,"minecraft:play_time":510651,"minecraft:sneak_time":4472,"minecraft:deaths":11,"minecraft:walk_under_water_one_cm":22918,"minecraft:boat_one_cm":1268753,"minecraft:jump":7451,"minecraft:walk_on_water_one_cm":38243,"minecraft:total_world_time":510651,"minecraft:interact_with_furnace":47,"minecraft:traded_with_villager":213,"minecraft:sleep_in_bed":33,"minecraft:time_since_rest":9198,"minecraft:damage_taken":4916,"minecraft:damage_dealt":12496,"minecraft:player_kills":2,"minecraft:swim_one_cm":147475,"minecraft:fly_one_cm":1361837,"minecraft:open_chest":78,"minecraft:crouch_one_cm":10878,"minecraft:interact_with_smoker":2,"minecraft:fall_one_cm":171979,"minecraft:horse_one_cm":705945},"minecraft:crafted":{"minecraft:smooth_stone":1,"minecraft:oak_planks":3020,"minecraft:stone_shovel":27,"minecraft:cooked_chicken":2,"minecraft:furnace":2,"minecraft:blast_furnace":1,"minecraft:stone":12,"minecraft:spruce_fence":18,"minecraft:bookshelf":1,"minecraft:cooked_mutton":18,"minecraft:oak_trapdoor":12,"minecraft:iron_axe":2,"minecraft:stone_pickaxe":24,"minecraft:chest":4,"minecraft:stone_hoe":1,"minecraft:cooked_beef":26,"minecraft:oak_slab":12,"minecraft:emerald":136,"minecraft:crafting_table":7,"minecraft:spruce_planks":28,"minecraft:wooden_pickaxe":6,"minecraft:smithing_table":1,"minecraft:birch_planks":8,"minecraft:stone_axe":61,"minecraft:enchanted_book":1,"minecraft:air":0,"minecraft:oak_boat":9,"minecraft:lectern":1,"minecraft:iron_chestplate":1,"minecraft:shield":2,"minecraft:stick":4616,"minecraft:iron_ingot":21,"minecraft:iron_pickaxe":1,"minecraft:oak_stairs":88,"minecraft:iron_leggings":1,"minecraft:white_bed":3,"minecraft:torch":56},"minecraft:killed":{"minecraft:chicken":8,"minecraft:pig":6,"minecraft:zombie_villager":2,"minecraft:iron_golem":2,"minecraft:sheep":43,"minecraft:zombie":8,"minecraft:villager":2,"minecraft:cow":30},"minecraft:killed_by":{"minecraft:zombie_villager":1,"minecraft:player":1,"minecraft:creeper":2,"minecraft:iron_golem":2,"minecraft:drowned":1,"minecraft:skeleton":4},"minecraft:picked_up":{"minecraft:crafting_table":23,"minecraft:iron_chestplate":1,"minecraft:wheat":21,"minecraft:chicken":7,"minecraft:golden_pickaxe":1,"minecraft:smithing_table":2,"minecraft:oak_stairs":1,"minecraft:oak_trapdoor":1,"minecraft:smooth_stone_slab":20,"minecraft:raw_copper":7,"minecraft:large_fern":1,"minecraft:flint_and_steel":2,"minecraft:armor_stand":2,"minecraft:gold_nugget":2,"minecraft:smooth_stone":4,"minecraft:beef":75,"minecraft:oak_boat":21,"minecraft:rose_bush":5,"minecraft:iron_nugget":20,"minecraft:poppy":1,"minecraft:iron_pickaxe":1,"minecraft:light_gray_wool":1,"minecraft:lectern":16,"minecraft:sugar_cane":117,"minecraft:chest":25,"minecraft:birch_sapling":1,"minecraft:furnace":10,"minecraft:egg":8,"minecraft:stick":236,"minecraft:raw_iron":40,"minecraft:composter":3,"minecraft:oak_fence":2,"minecraft:torch":61,"minecraft:porkchop":14,"minecraft:dried_kelp":34,"minecraft:diorite":137,"minecraft:carrot":8,"minecraft:cauldron":2,"minecraft:stone_sword":4,"minecraft:stone_shovel":3,"minecraft:rotten_flesh":7,"minecraft:beetroot_seeds":1,"minecraft:peony":1,"minecraft:hay_block":135,"minecraft:saddle":1,"minecraft:obsidian":7,"minecraft:mutton":66,"minecraft:white_wool":41,"minecraft:cobblestone":2308,"minecraft:birch_log":2,"minecraft:leather_chestplate":3,"minecraft:feather":10,"minecraft:cooked_beef":17,"minecraft:andesite":96,"minecraft:leather":29,"minecraft:fern":3,"minecraft:smoker":1,"minecraft:potato":34,"minecraft:flint":4,"minecraft:oak_log":780,"minecraft:yellow_bed":5,"minecraft:cobblestone_wall":2,"minecraft:dirt":399,"minecraft:blue_bed":10,"minecraft:leather_boots":4,"minecraft:apple":19,"minecraft:kelp":16,"minecraft:stonecutter":2,"minecraft:wheat_seeds":78,"minecraft:bell":1,"minecraft:iron_ingot":14,"minecraft:grindstone":4,"minecraft:stone_pickaxe":21,"minecraft:fletching_table":5,"minecraft:stone_hoe":2,"minecraft:oak_planks":12,"minecraft:book":12,"minecraft:sweet_berries":146,"minecraft:dandelion":1,"minecraft:gravel":7,"minecraft:spruce_sapling":11,"minecraft:blast_furnace":7,"minecraft:grass_block":1,"minecraft:white_bed":28,"minecraft:spruce_log":70,"minecraft:mossy_cobblestone":1,"minecraft:pumpkin_seeds":10,"minecraft:purple_bed":9,"minecraft:stone_axe":4,"minecraft:iron_helmet":2,"minecraft:granite":294,"minecraft:gray_wool":1,"minecraft:spruce_sign":2,"minecraft:bread":43,"minecraft:emerald":55,"minecraft:oak_sapling":36,"minecraft:coal":625},"minecraft:dropped":{"minecraft:spruce_sign":1,"minecraft:wheat_seeds":8,"minecraft:oak_log":1,"minecraft:feather":2,"minecraft:cobblestone":17,"minecraft:granite":1,"minecraft:dirt":9,"minecraft:gray_wool":1,"minecraft:large_fern":1,"minecraft:rose_bush":2,"minecraft:gold_nugget":2,"minecraft:smooth_stone":1,"minecraft:dandelion":1,"minecraft:gravel":1,"minecraft:stone_axe":5,"minecraft:kelp":8,"minecraft:stone_shovel":1,"minecraft:rotten_flesh":1,"minecraft:oak_planks":1,"minecraft:fern":1,"minecraft:poppy":1,"minecraft:peony":1,"minecraft:oak_sapling":2,"minecraft:beef":8,"minecraft:stone_pickaxe":5,"minecraft:wooden_pickaxe":4,"minecraft:egg":2},"minecraft:broken":{"minecraft:stone_pickaxe":17,"minecraft:iron_axe":1,"minecraft:stone_axe":5,"minecraft:iron_pickaxe":2,"minecraft:stone_shovel":1},"minecraft:used":{"minecraft:oak_trapdoor":13,"minecraft:stone_sword":20,"minecraft:stone_shovel":259,"minecraft:chest":24,"minecraft:shield":6,"minecraft:rotten_flesh":1,"minecraft:cooked_chicken":2,"minecraft:bell":1,"minecraft:stone_hoe":36,"minecraft:torch":63,"minecraft:dirt":67,"minecraft:mutton":16,"minecraft:carrot":5,"minecraft:spruce_fence":16,"minecraft:iron_axe":362,"minecraft:oak_stairs":89,"minecraft:sweet_berries":1,"minecraft:oak_sapling":30,"minecraft:furnace":10,"minecraft:cooked_beef":24,"minecraft:cooked_mutton":10,"minecraft:stone_pickaxe":2493,"minecraft:oak_planks":6,"minecraft:wooden_pickaxe":37,"minecraft:sugar_cane":38,"minecraft:blue_bed":4,"minecraft:fletching_table":4,"minecraft:crafting_table":24,"minecraft:blast_furnace":5,"minecraft:white_bed":20,"minecraft:smoker":1,"minecraft:oak_log":2,"minecraft:apple":1,"minecraft:bread":12,"minecraft:iron_pickaxe":501,"minecraft:lectern":15,"minecraft:stone_axe":1107,"minecraft:purple_bed":6,"minecraft:cobblestone":753,"minecraft:porkchop":2,"minecraft:grindstone":1,"minecraft:smithing_table":2,"minecraft:andesite":2,"minecraft:oak_boat":24,"minecraft:smooth_stone_slab":2,"minecraft:yellow_bed":4}},"DataVersion":3105}