{"stats":{"minecraft:mined":{"minecraft:white_bed":6,"minecraft:glass_pane":1,"minecraft:mossy_cobblestone":1,"minecraft:crafting_table":12,"minecraft:torch":1,"minecraft:granite":1,"minecraft:grass_block":2,"minecraft:chest":1,"minecraft:copper_ore":1,"minecraft:tall_grass":2,"minecraft:cobblestone":25,"minecraft:spruce_leaves":7,"minecraft:composter":1,"minecraft:sugar_cane":4,"minecraft:smooth_stone":1,"minecraft:furnace":2,"minecraft:carrots":8,"minecraft:birch_log":2,"minecraft:iron_ore":32,"minecraft:wheat":6,"minecraft:grass":19,"minecraft:oak_log":147,"minecraft:potatoes":6,"minecraft:coal_ore":76,"minecraft:beetroots":1,"minecraft:water_cauldron":1,"minecraft:gravel":1,"minecraft:dirt":4,"minecraft:stone":247,"minecraft:oak_leaves":13},"minecraft:custom":{"minecraft:interact_with_furnace":15,"minecraft:mob_kills":29,"minecraft:interact_with_crafting_table":31,"minecraft:leave_game":7,"minecraft:time_since_death":73042,"minecraft:sleep_in_bed":9,"minecraft:time_since_rest":522,"minecraft:sprint_one_cm":263558,"minecraft:damage_taken":1550,"minecraft:walk_one_cm":190424,"minecraft:damage_blocked_by_shield":75,"minecraft:drop":10,"minecraft:damage_dealt":3279,"minecraft:swim_one_cm":42388,"minecraft:fly_one_cm":236763,"minecraft:open_chest":5,"minecraft:play_time":119942,"minecraft:crouch_one_cm":2765,"minecraft:sneak_time":1372,"minecraft:deaths":4,"minecraft:walk_under_water_one_cm":9770,"minecraft:boat_one_cm":844033,"minecraft:jump":1441,"minecraft:walk_on_water_one_cm":12369,"minecraft:total_world_time":119942,"minecraft:fall_one_cm":35240},"minecraft:crafted":{"minecraft:cooked_beef":6,"minecraft:oak_planks":324,"minecraft:crafting_table":6,"minecraft:wooden_pickaxe":5,"minecraft:furnace":1,"minecraft:birch_planks":8,"minecraft:stone_axe":6,"minecraft:air":0,"minecraft:oak_boat":3,"minecraft:iron_chestplate":1,"minecraft:shield":1,"minecraft:stick":52,"minecraft:iron_ingot":19,"minecraft:iron_pickaxe":1,"minecraft:stone_pickaxe":5,"minecraft:iron_leggings":1,"minecraft:white_bed":1,"minecraft:torch":24},"minecraft:killed":{"minecraft:pig":1,"minecraft:sheep":12,"minecraft:zombie":1,"minecraft:chicken":1,"minecraft:cow":14},"minecraft:killed_by":{"minecraft:zombie_villager":1,"minecraft:skeleton":2,"minecraft:drowned":1},"minecraft:dropped":{"minecraft:gravel":1,"minecraft:wheat_seeds":7,"minecraft:cobblestone":1,"minecraft:rotten_flesh":1,"minecraft:granite":1,"minecraft:dirt":1,"minecraft:gray_wool":1,"minecraft:wooden_pickaxe":3},"minecraft:picked_up":{"minecraft:birch_log":2,"minecraft:crafting_table":12,"minecraft:feather":2,"minecraft:chicken":1,"minecraft:leather":17,"minecraft:potato":6,"minecraft:oak_log":144,"minecraft:dirt":6,"minecraft:raw_copper":4,"minecraft:kelp":8,"minecraft:wheat_seeds":7,"minecraft:smooth_stone":1,"minecraft:beef":31,"minecraft:oak_boat":3,"minecraft:light_gray_wool":1,"minecraft:sugar_cane":8,"minecraft:chest":1,"minecraft:furnace":2,"minecraft:raw_iron":31,"minecraft:composter":1,"minecraft:torch":1,"minecraft:gravel":1,"minecraft:porkchop":1,"minecraft:spruce_sapling":1,"minecraft:carrot":8,"minecraft:white_bed":6,"minecraft:cauldron":1,"minecraft:rotten_flesh":1,"minecraft:beetroot_seeds":1,"minecraft:granite":1,"minecraft:gray_wool":1,"minecraft:oak_sapling":1,"minecraft:mutton":16,"minecraft:coal":84,"minecraft:white_wool":10,"minecraft:cobblestone":270},"minecraft:broken":{"minecraft:stone_pickaxe":1,"minecraft:stone_axe":1},"minecraft:used":{"minecraft:stone_pickaxe":298,"minecraft:oak_planks":1,"minecraft:wooden_pickaxe":37,"minecraft:shield":2,"minecraft:torch":4,"minecraft:dirt":1,"minecraft:mutton":5,"minecraft:crafting_table":12,"minecraft:carrot":5,"minecraft:white_bed":5,"minecraft:oak_log":2,"minecraft:iron_pickaxe":55,"minecraft:stone_axe":236,"minecraft:cobblestone":153,"minecraft:furnace":2,"minecraft:oak_boat":6,"minecraft:cooked_beef":6}},"DataVersion":3105}