{"stats":{"minecraft:mined":{"minecraft:white_bed":13,"minecraft:mossy_cobblestone":2,"minecraft:granite":291,"minecraft:grass_block":59,"minecraft:spruce_leaves":27,"minecraft:composter":1,"minecraft:kelp":2,"minecraft:large_fern":2,"minecraft:smooth_stone":1,"minecraft:furnace":6,"minecraft:carrots":8,"minecraft:iron_ore":35,"minecraft:andesite":72,"minecraft:potatoes":6,"minecraft:water_cauldron":1,"minecraft:dirt_path":3,"minecraft:oak_stairs":1,"minecraft:stone":1040,"minecraft:glass_pane":1,"minecraft:kelp_plant":15,"minecraft:smoker":1,"minecraft:spruce_door":1,"minecraft:crafting_table":20,"minecraft:torch":5,"minecraft:blast_furnace":3,"minecraft:poppy":3,"minecraft:chest":11,"minecraft:tall_grass":6,"minecraft:copper_ore":2,"minecraft:cobblestone":35,"minecraft:grindstone":4,"minecraft:sugar_cane":17,"minecraft:diorite":3,"minecraft:wall_torch":3,"minecraft:blue_bed":10,"minecraft:seagrass":1,"minecraft:purple_bed":10,"minecraft:cobblestone_wall":2,"minecraft:birch_log":2,"minecraft:wheat":6,"minecraft:sweet_berry_bush":56,"minecraft:lilac":2,"minecraft:spruce_log":67,"minecraft:birch_leaves":3,"minecraft:grass":46,"minecraft:oak_log":194,"minecraft:coal_ore":83,"minecraft:beetroots":1,"minecraft:gravel":1,"minecraft:dirt":31,"minecraft:stonecutter":1,"minecraft:oak_leaves":20,"minecraft:fern":4},"minecraft:custom":{"minecraft:mob_kills":70,"minecraft:interact_with_crafting_table":55,"minecraft:leave_game":8,"minecraft:time_since_death":17655,"minecraft:sprint_one_cm":789243,"minecraft:walk_one_cm":563426,"minecraft:damage_blocked_by_shield":165,"minecraft:drop":22,"minecraft:talked_to_villager":2,"minecraft:play_time":271180,"minecraft:deaths":8,"minecraft:sneak_time":2932,"minecraft:walk_under_water_one_cm":17902,"minecraft:boat_one_cm":1206146,"minecraft:jump":4232,"minecraft:walk_on_water_one_cm":33863,"minecraft:total_world_time":271180,"minecraft:interact_with_furnace":30,"minecraft:sleep_in_bed":15,"minecraft:time_since_rest":13237,"minecraft:damage_taken":3499,"minecraft:damage_dealt":7741,"minecraft:swim_one_cm":133520,"minecraft:player_kills":2,"minecraft:fly_one_cm":762502,"minecraft:open_chest":32,"minecraft:crouch_one_cm":8032,"minecraft:interact_with_smoker":2,"minecraft:fall_one_cm":109293},"minecraft:crafted":{"minecraft:oak_planks":604,"minecraft:stone_shovel":2,"minecraft:cooked_chicken":2,"minecraft:furnace":2,"minecraft:spruce_fence":18,"minecraft:cooked_mutton":7,"minecraft:stone_pickaxe":13,"minecraft:cooked_beef":10,"minecraft:crafting_table":7,"minecraft:spruce_planks":28,"minecraft:wooden_pickaxe":6,"minecraft:birch_planks":8,"minecraft:stone_axe":8,"minecraft:air":0,"minecraft:oak_boat":6,"minecraft:iron_chestplate":1,"minecraft:shield":1,"minecraft:stick":104,"minecraft:iron_ingot":19,"minecraft:iron_pickaxe":1,"minecraft:oak_stairs":48,"minecraft:iron_leggings":1,"minecraft:white_bed":3,"minecraft:torch":24},"minecraft:killed":{"minecraft:chicken":7,"minecraft:pig":3,"minecraft:zombie_villager":1,"minecraft:sheep":30,"minecraft:zombie":7,"minecraft:cow":22},"minecraft:killed_by":{"minecraft:zombie_villager":1,"minecraft:creeper":2,"minecraft:drowned":1,"minecraft:skeleton":4},"minecraft:picked_up":{"minecraft:crafting_table":20,"minecraft:iron_chestplate":1,"minecraft:chicken":6,"minecraft:golden_pickaxe":1,"minecraft:oak_stairs":1,"minecraft:raw_copper":7,"minecraft:large_fern":1,"minecraft:flint_and_steel":2,"minecraft:armor_stand":2,"minecraft:smooth_stone":1,"minecraft:beef":45,"minecraft:oak_boat":13,"minecraft:iron_nugget":16,"minecraft:light_gray_wool":1,"minecraft:iron_pickaxe":1,"minecraft:sugar_cane":35,"minecraft:chest":10,"minecraft:egg":2,"minecraft:furnace":6,"minecraft:stick":2,"minecraft:raw_iron":34,"minecraft:composter":1,"minecraft:torch":10,"minecraft:porkchop":7,"minecraft:dried_kelp":34,"minecraft:diorite":1,"minecraft:carrot":8,"minecraft:cauldron":1,"minecraft:stone_sword":2,"minecraft:rotten_flesh":4,"minecraft:beetroot_seeds":1,"minecraft:mutton":49,"minecraft:obsidian":7,"minecraft:white_wool":28,"minecraft:cobblestone":1045,"minecraft:birch_log":2,"minecraft:feather":9,"minecraft:cooked_beef":1,"minecraft:andesite":58,"minecraft:leather":21,"minecraft:fern":3,"minecraft:smoker":1,"minecraft:potato":25,"minecraft:flint":1,"minecraft:oak_log":191,"minecraft:cobblestone_wall":2,"minecraft:blue_bed":10,"minecraft:dirt":93,"minecraft:apple":11,"minecraft:kelp":12,"minecraft:stonecutter":1,"minecraft:wheat_seeds":13,"minecraft:stone_pickaxe":19,"minecraft:grindstone":4,"minecraft:iron_ingot":5,"minecraft:oak_planks":6,"minecraft:sweet_berries":146,"minecraft:gravel":1,"minecraft:spruce_sapling":11,"minecraft:blast_furnace":3,"minecraft:grass_block":1,"minecraft:white_bed":14,"minecraft:spruce_log":70,"minecraft:mossy_cobblestone":1,"minecraft:pumpkin_seeds":10,"minecraft:purple_bed":9,"minecraft:iron_helmet":2,"minecraft:granite":286,"minecraft:gray_wool":1,"minecraft:emerald":6,"minecraft:spruce_sign":2,"minecraft:bread":7,"minecraft:oak_sapling":1,"minecraft:coal":252},"minecraft:dropped":{"minecraft:spruce_sign":1,"minecraft:wheat_seeds":7,"minecraft:oak_log":1,"minecraft:cobblestone":17,"minecraft:granite":1,"minecraft:dirt":9,"minecraft:gray_wool":1,"minecraft:large_fern":1,"minecraft:gravel":1,"minecraft:rotten_flesh":1,"minecraft:fern":1,"minecraft:wooden_pickaxe":4,"minecraft:stone_pickaxe":5},"minecraft:broken":{"minecraft:stone_pickaxe":7,"minecraft:stone_axe":2,"minecraft:iron_pickaxe":2},"minecraft:used":{"minecraft:stone_sword":19,"minecraft:stone_shovel":76,"minecraft:chest":6,"minecraft:shield":6,"minecraft:cooked_chicken":2,"minecraft:torch":26,"minecraft:dirt":28,"minecraft:mutton":16,"minecraft:carrot":5,"minecraft:spruce_fence":16,"minecraft:oak_stairs":49,"minecraft:sweet_berries":1,"minecraft:furnace":6,"minecraft:cooked_beef":9,"minecraft:cooked_mutton":5,"minecraft:stone_pickaxe":1058,"minecraft:oak_planks":6,"minecraft:wooden_pickaxe":37,"minecraft:blue_bed":4,"minecraft:crafting_table":20,"minecraft:blast_furnace":1,"minecraft:white_bed":11,"minecraft:smoker":1,"minecraft:oak_log":2,"minecraft:bread":12,"minecraft:iron_pickaxe":501,"minecraft:stone_axe":517,"minecraft:cobblestone":485,"minecraft:purple_bed":6,"minecraft:grindstone":1,"minecraft:oak_boat":17}},"DataVersion":3105}