{"stats":{"minecraft:mined":{"minecraft:white_bed":7,"minecraft:glass_pane":1,"minecraft:mossy_cobblestone":1,"minecraft:smoker":1,"minecraft:spruce_door":1,"minecraft:crafting_table":13,"minecraft:torch":1,"minecraft:granite":121,"minecraft:grass_block":16,"minecraft:poppy":3,"minecraft:chest":4,"minecraft:copper_ore":1,"minecraft:tall_grass":3,"minecraft:cobblestone":26,"minecraft:spruce_leaves":11,"minecraft:composter":1,"minecraft:sugar_cane":6,"minecraft:diorite":1,"minecraft:wall_torch":3,"minecraft:smooth_stone":1,"minecraft:furnace":3,"minecraft:carrots":8,"minecraft:sweet_berry_bush":55,"minecraft:birch_log":2,"minecraft:iron_ore":34,"minecraft:wheat":6,"minecraft:andesite":48,"minecraft:birch_leaves":3,"minecraft:grass":25,"minecraft:oak_log":169,"minecraft:potatoes":6,"minecraft:coal_ore":83,"minecraft:beetroots":1,"minecraft:water_cauldron":1,"minecraft:gravel":1,"minecraft:dirt":15,"minecraft:stone":481,"minecraft:oak_leaves":14,"minecraft:fern":4},"minecraft:custom":{"minecraft:interact_with_furnace":21,"minecraft:mob_kills":39,"minecraft:interact_with_crafting_table":38,"minecraft:leave_game":7,"minecraft:time_since_death":115042,"minecraft:sleep_in_bed":11,"minecraft:time_since_rest":13013,"minecraft:sprint_one_cm":412064,"minecraft:damage_taken":1820,"minecraft:walk_one_cm":293520,"minecraft:damage_blocked_by_shield":75,"minecraft:drop":14,"minecraft:damage_dealt":4099,"minecraft:swim_one_cm":53617,"minecraft:fly_one_cm":368922,"minecraft:open_chest":13,"minecraft:play_time":161942,"minecraft:crouch_one_cm":3694,"minecraft:sneak_time":1705,"minecraft:deaths":4,"minecraft:walk_under_water_one_cm":10730,"minecraft:boat_one_cm":890878,"minecraft:jump":2302,"minecraft:walk_on_water_one_cm":15810,"minecraft:total_world_time":161942,"minecraft:fall_one_cm":58120},"minecraft:crafted":{"minecraft:cooked_beef":6,"minecraft:oak_planks":324,"minecraft:stone_shovel":2,"minecraft:crafting_table":6,"minecraft:wooden_pickaxe":5,"minecraft:furnace":1,"minecraft:birch_planks":8,"minecraft:stone_axe":6,"minecraft:cooked_mutton":5,"minecraft:air":0,"minecraft:oak_boat":3,"minecraft:iron_chestplate":1,"minecraft:shield":1,"minecraft:stick":64,"minecraft:iron_ingot":19,"minecraft:iron_pickaxe":1,"minecraft:stone_pickaxe":9,"minecraft:iron_leggings":1,"minecraft:white_bed":1,"minecraft:torch":24},"minecraft:killed":{"minecraft:pig":2,"minecraft:sheep":21,"minecraft:zombie":1,"minecraft:chicken":1,"minecraft:cow":14},"minecraft:killed_by":{"minecraft:zombie_villager":1,"minecraft:skeleton":2,"minecraft:drowned":1},"minecraft:dropped":{"minecraft:gravel":1,"minecraft:spruce_sign":1,"minecraft:wheat_seeds":7,"minecraft:cobblestone":17,"minecraft:rotten_flesh":1,"minecraft:granite":1,"minecraft:dirt":9,"minecraft:gray_wool":1,"minecraft:large_fern":1,"minecraft:wooden_pickaxe":3},"minecraft:picked_up":{"minecraft:birch_log":2,"minecraft:crafting_table":13,"minecraft:feather":2,"minecraft:chicken":1,"minecraft:andesite":48,"minecraft:leather":17,"minecraft:smoker":1,"minecraft:potato":6,"minecraft:oak_log":166,"minecraft:dirt":31,"minecraft:raw_copper":4,"minecraft:large_fern":1,"minecraft:kelp":8,"minecraft:wheat_seeds":10,"minecraft:smooth_stone":1,"minecraft:beef":31,"minecraft:oak_boat":4,"minecraft:light_gray_wool":1,"minecraft:sugar_cane":13,"minecraft:chest":3,"minecraft:furnace":3,"minecraft:raw_iron":33,"minecraft:sweet_berries":132,"minecraft:composter":1,"minecraft:torch":4,"minecraft:gravel":1,"minecraft:porkchop":4,"minecraft:diorite":1,"minecraft:spruce_log":3,"minecraft:spruce_sapling":9,"minecraft:carrot":8,"minecraft:white_bed":7,"minecraft:cauldron":1,"minecraft:pumpkin_seeds":6,"minecraft:rotten_flesh":1,"minecraft:beetroot_seeds":1,"minecraft:granite":121,"minecraft:spruce_sign":1,"minecraft:gray_wool":1,"minecraft:bread":7,"minecraft:oak_sapling":1,"minecraft:mutton":35,"minecraft:coal":93,"minecraft:white_wool":19,"minecraft:cobblestone":503},"minecraft:broken":{"minecraft:stone_pickaxe":4,"minecraft:stone_axe":1},"minecraft:used":{"minecraft:cooked_mutton":4,"minecraft:stone_shovel":18,"minecraft:stone_pickaxe":663,"minecraft:oak_planks":6,"minecraft:chest":2,"minecraft:wooden_pickaxe":37,"minecraft:shield":2,"minecraft:torch":11,"minecraft:dirt":1,"minecraft:mutton":5,"minecraft:crafting_table":14,"minecraft:carrot":5,"minecraft:white_bed":6,"minecraft:oak_log":2,"minecraft:bread":4,"minecraft:iron_pickaxe":109,"minecraft:stone_axe":318,"minecraft:cobblestone":248,"minecraft:sweet_berries":1,"minecraft:furnace":4,"minecraft:oak_boat":6,"minecraft:cooked_beef":6}},"DataVersion":3105}