{"stats":{"minecraft:mined":{"minecraft:white_bed":22,"minecraft:mossy_cobblestone":2,"minecraft:granite":299,"minecraft:grass_block":98,"minecraft:spruce_leaves":27,"minecraft:composter":3,"minecraft:kelp":2,"minecraft:large_fern":2,"minecraft:hay_block":45,"minecraft:smooth_stone":4,"minecraft:oak_trapdoor":1,"minecraft:furnace":10,"minecraft:carrots":8,"minecraft:iron_ore":37,"minecraft:andesite":114,"minecraft:fletching_table":4,"minecraft:peony":1,"minecraft:bell":1,"minecraft:bookshelf":4,"minecraft:potatoes":6,"minecraft:dirt_path":3,"minecraft:water_cauldron":2,"minecraft:oak_stairs":1,"minecraft:stone":2109,"minecraft:smithing_table":1,"minecraft:glass_pane":1,"minecraft:kelp_plant":15,"minecraft:smoker":1,"minecraft:dandelion":2,"minecraft:spruce_door":1,"minecraft:oak_fence":2,"minecraft:crafting_table":23,"minecraft:torch":8,"minecraft:blast_furnace":7,"minecraft:poppy":3,"minecraft:chest":26,"minecraft:rose_bush":3,"minecraft:lectern":15,"minecraft:copper_ore":2,"minecraft:tall_grass":12,"minecraft:cobblestone":123,"minecraft:grindstone":4,"minecraft:sugar_cane":31,"minecraft:diorite":144,"minecraft:wall_torch":6,"minecraft:blue_bed":10,"minecraft:seagrass":1,"minecraft:purple_bed":10,"minecraft:cobblestone_wall":2,"minecraft:birch_log":2,"minecraft:sweet_berry_bush":56,"minecraft:wheat":31,"minecraft:lilac":2,"minecraft:spruce_log":67,"minecraft:birch_leaves":3,"minecraft:smooth_stone_slab":10,"minecraft:yellow_bed":4,"minecraft:grass":146,"minecraft:oak_log":694,"minecraft:coal_ore":104,"minecraft:beetroots":1,"minecraft:gravel":8,"minecraft:dirt":179,"minecraft:cobweb":1,"minecraft:stonecutter":2,"minecraft:oak_leaves":101,"minecraft:fern":4},"minecraft:picked_up":{"minecraft:crafting_table":23,"minecraft:iron_chestplate":1,"minecraft:wheat":21,"minecraft:chicken":7,"minecraft:golden_pickaxe":1,"minecraft:smithing_table":1,"minecraft:oak_stairs":1,"minecraft:oak_trapdoor":1,"minecraft:smooth_stone_slab":20,"minecraft:raw_copper":7,"minecraft:large_fern":1,"minecraft:flint_and_steel":2,"minecraft:armor_stand":2,"minecraft:gold_nugget":2,"minecraft:smooth_stone":4,"minecraft:beef":75,"minecraft:oak_boat":21,"minecraft:rose_bush":5,"minecraft:poppy":1,"minecraft:iron_nugget":20,"minecraft:light_gray_wool":1,"minecraft:iron_pickaxe":1,"minecraft:lectern":15,"minecraft:sugar_cane":61,"minecraft:chest":25,"minecraft:furnace":10,"minecraft:egg":7,"minecraft:stick":233,"minecraft:raw_iron":40,"minecraft:composter":3,"minecraft:oak_fence":2,"minecraft:torch":60,"minecraft:porkchop":10,"minecraft:dried_kelp":34,"minecraft:diorite":137,"minecraft:carrot":8,"minecraft:cauldron":2,"minecraft:stone_shovel":3,"minecraft:stone_sword":4,"minecraft:rotten_flesh":6,"minecraft:beetroot_seeds":1,"minecraft:peony":1,"minecraft:hay_block":135,"minecraft:saddle":1,"minecraft:obsidian":7,"minecraft:mutton":65,"minecraft:white_wool":40,"minecraft:cobblestone":2296,"minecraft:birch_log":2,"minecraft:leather_chestplate":3,"minecraft:feather":10,"minecraft:cooked_beef":17,"minecraft:andesite":96,"minecraft:leather":29,"minecraft:fern":3,"minecraft:smoker":1,"minecraft:potato":34,"minecraft:flint":4,"minecraft:oak_log":685,"minecraft:yellow_bed":4,"minecraft:cobblestone_wall":2,"minecraft:dirt":398,"minecraft:blue_bed":10,"minecraft:leather_boots":4,"minecraft:apple":18,"minecraft:kelp":16,"minecraft:stonecutter":2,"minecraft:wheat_seeds":78,"minecraft:bell":1,"minecraft:grindstone":4,"minecraft:iron_ingot":14,"minecraft:stone_pickaxe":21,"minecraft:fletching_table":4,"minecraft:stone_hoe":2,"minecraft:oak_planks":9,"minecraft:book":12,"minecraft:sweet_berries":146,"minecraft:dandelion":1,"minecraft:gravel":7,"minecraft:spruce_sapling":11,"minecraft:blast_furnace":6,"minecraft:grass_block":1,"minecraft:white_bed":25,"minecraft:spruce_log":70,"minecraft:mossy_cobblestone":1,"minecraft:pumpkin_seeds":10,"minecraft:purple_bed":9,"minecraft:stone_axe":4,"minecraft:iron_helmet":2,"minecraft:granite":294,"minecraft:gray_wool":1,"minecraft:emerald":55,"minecraft:spruce_sign":2,"minecraft:bread":43,"minecraft:oak_sapling":33,"minecraft:coal":625},"minecraft:used":{"minecraft:oak_trapdoor":13,"minecraft:stone_sword":20,"minecraft:stone_shovel":259,"minecraft:chest":24,"minecraft:shield":6,"minecraft:bell":1,"minecraft:cooked_chicken":2,"minecraft:stone_hoe":36,"minecraft:torch":63,"minecraft:dirt":67,"minecraft:mutton":16,"minecraft:carrot":5,"minecraft:spruce_fence":16,"minecraft:iron_axe":252,"minecraft:oak_stairs":89,"minecraft:sweet_berries":1,"minecraft:oak_sapling":28,"minecraft:furnace":10,"minecraft:cooked_beef":24,"minecraft:cooked_mutton":8,"minecraft:stone_pickaxe":2478,"minecraft:oak_planks":6,"minecraft:wooden_pickaxe":37,"minecraft:sugar_cane":38,"minecraft:blue_bed":4,"minecraft:fletching_table":4,"minecraft:crafting_table":24,"minecraft:blast_furnace":5,"minecraft:white_bed":20,"minecraft:smoker":1,"minecraft:oak_log":2,"minecraft:apple":1,"minecraft:bread":12,"minecraft:iron_pickaxe":501,"minecraft:lectern":15,"minecraft:stone_axe":1043,"minecraft:cobblestone":745,"minecraft:purple_bed":6,"minecraft:smithing_table":2,"minecraft:grindstone":1,"minecraft:andesite":2,"minecraft:smooth_stone_slab":2,"minecraft:oak_boat":24,"minecraft:yellow_bed":4},"minecraft:killed":{"minecraft:chicken":8,"minecraft:pig":4,"minecraft:zombie_villager":2,"minecraft:iron_golem":2,"minecraft:sheep":42,"minecraft:zombie":8,"minecraft:cow":30},"minecraft:killed_by":{"minecraft:zombie_villager":1,"minecraft:creeper":2,"minecraft:iron_golem":2,"minecraft:drowned":1,"minecraft:skeleton":4},"minecraft:broken":{"minecraft:stone_pickaxe":17,"minecraft:iron_axe":1,"minecraft:stone_axe":5,"minecraft:iron_pickaxe":2,"minecraft:stone_shovel":1},"minecraft:custom":{"minecraft:mob_kills":96,"minecraft:interact_with_crafting_table":97,"minecraft:bell_ring":7,"minecraft:leave_game":9,"minecraft:time_since_death":114877,"minecraft:climb_one_cm":1204,"minecraft:sprint_one_cm":1471486,"minecraft:walk_one_cm":1069562,"minecraft:damage_blocked_by_shield":165,"minecraft:drop":39,"minecraft:talked_to_villager":80,"minecraft:play_time":483442,"minecraft:deaths":10,"minecraft:sneak_time":4469,"minecraft:walk_under_water_one_cm":20431,"minecraft:boat_one_cm":1268753,"minecraft:jump":7176,"minecraft:walk_on_water_one_cm":36972,"minecraft:total_world_time":483442,"minecraft:interact_with_furnace":47,"minecraft:traded_with_villager":197,"minecraft:sleep_in_bed":31,"minecraft:time_since_rest":12588,"minecraft:damage_taken":4392,"minecraft:damage_dealt":11528,"minecraft:swim_one_cm":147475,"minecraft:player_kills":2,"minecraft:fly_one_cm":1310263,"minecraft:open_chest":63,"minecraft:crouch_one_cm":10878,"minecraft:interact_with_smoker":2,"minecraft:fall_one_cm":169355,"minecraft:horse_one_cm":104017},"minecraft:crafted":{"minecraft:smooth_stone":1,"minecraft:oak_planks":2640,"minecraft:stone_shovel":27,"minecraft:cooked_chicken":2,"minecraft:furnace":2,"minecraft:blast_furnace":1,"minecraft:stone":12,"minecraft:bookshelf":1,"minecraft:spruce_fence":18,"minecraft:cooked_mutton":18,"minecraft:oak_trapdoor":12,"minecraft:iron_axe":2,"minecraft:stone_pickaxe":23,"minecraft:chest":4,"minecraft:stone_hoe":1,"minecraft:cooked_beef":26,"minecraft:oak_slab":12,"minecraft:emerald":120,"minecraft:crafting_table":7,"minecraft:spruce_planks":28,"minecraft:wooden_pickaxe":6,"minecraft:smithing_table":1,"minecraft:birch_planks":8,"minecraft:stone_axe":61,"minecraft:enchanted_book":1,"minecraft:air":0,"minecraft:oak_boat":9,"minecraft:lectern":1,"minecraft:iron_chestplate":1,"minecraft:shield":2,"minecraft:stick":3852,"minecraft:iron_ingot":21,"minecraft:iron_pickaxe":1,"minecraft:oak_stairs":88,"minecraft:iron_leggings":1,"minecraft:white_bed":3,"minecraft:torch":56},"minecraft:dropped":{"minecraft:spruce_sign":1,"minecraft:wheat_seeds":8,"minecraft:oak_log":1,"minecraft:feather":2,"minecraft:cobblestone":17,"minecraft:granite":1,"minecraft:dirt":9,"minecraft:gray_wool":1,"minecraft:large_fern":1,"minecraft:rose_bush":2,"minecraft:gold_nugget":2,"minecraft:smooth_stone":1,"minecraft:dandelion":1,"minecraft:gravel":1,"minecraft:kelp":8,"minecraft:stone_shovel":1,"minecraft:rotten_flesh":1,"minecraft:oak_planks":1,"minecraft:fern":1,"minecraft:poppy":1,"minecraft:peony":1,"minecraft:oak_sapling":2,"minecraft:wooden_pickaxe":4,"minecraft:stone_pickaxe":5,"minecraft:beef":8,"minecraft:egg":2}},"DataVersion":3105}