{"stats":{"minecraft:mined":{"minecraft:white_bed":6,"minecraft:glass_pane":1,"minecraft:mossy_cobblestone":1,"minecraft:crafting_table":13,"minecraft:torch":1,"minecraft:granite":1,"minecraft:grass_block":4,"minecraft:chest":1,"minecraft:copper_ore":1,"minecraft:tall_grass":2,"minecraft:cobblestone":25,"minecraft:spruce_leaves":9,"minecraft:composter":1,"minecraft:sugar_cane":6,"minecraft:smooth_stone":1,"minecraft:furnace":3,"minecraft:carrots":8,"minecraft:sweet_berry_bush":32,"minecraft:birch_log":2,"minecraft:iron_ore":34,"minecraft:wheat":6,"minecraft:grass":23,"minecraft:oak_log":157,"minecraft:potatoes":6,"minecraft:coal_ore":83,"minecraft:beetroots":1,"minecraft:water_cauldron":1,"minecraft:gravel":1,"minecraft:dirt":6,"minecraft:stone":277,"minecraft:oak_leaves":13,"minecraft:fern":3},"minecraft:custom":{"minecraft:interact_with_furnace":19,"minecraft:mob_kills":30,"minecraft:interact_with_crafting_table":32,"minecraft:leave_game":7,"minecraft:time_since_death":85042,"minecraft:sleep_in_bed":9,"minecraft:time_since_rest":12522,"minecraft:sprint_one_cm":304357,"minecraft:damage_taken":1640,"minecraft:walk_one_cm":214071,"minecraft:damage_blocked_by_shield":75,"minecraft:drop":11,"minecraft:damage_dealt":3359,"minecraft:swim_one_cm":47318,"minecraft:fly_one_cm":276481,"minecraft:open_chest":5,"minecraft:play_time":131942,"minecraft:crouch_one_cm":3586,"minecraft:sneak_time":1534,"minecraft:deaths":4,"minecraft:walk_under_water_one_cm":9796,"minecraft:boat_one_cm":890878,"minecraft:jump":1735,"minecraft:walk_on_water_one_cm":13748,"minecraft:total_world_time":131942,"minecraft:fall_one_cm":42188},"minecraft:crafted":{"minecraft:cooked_beef":6,"minecraft:oak_planks":324,"minecraft:crafting_table":6,"minecraft:wooden_pickaxe":5,"minecraft:furnace":1,"minecraft:birch_planks":8,"minecraft:stone_axe":6,"minecraft:cooked_mutton":5,"minecraft:air":0,"minecraft:oak_boat":3,"minecraft:iron_chestplate":1,"minecraft:shield":1,"minecraft:stick":52,"minecraft:iron_ingot":19,"minecraft:iron_pickaxe":1,"minecraft:stone_pickaxe":6,"minecraft:iron_leggings":1,"minecraft:white_bed":1,"minecraft:torch":24},"minecraft:killed":{"minecraft:pig":1,"minecraft:sheep":13,"minecraft:zombie":1,"minecraft:chicken":1,"minecraft:cow":14},"minecraft:killed_by":{"minecraft:zombie_villager":1,"minecraft:skeleton":2,"minecraft:drowned":1},"minecraft:dropped":{"minecraft:gravel":1,"minecraft:wheat_seeds":7,"minecraft:cobblestone":1,"minecraft:rotten_flesh":1,"minecraft:granite":1,"minecraft:dirt":9,"minecraft:gray_wool":1,"minecraft:wooden_pickaxe":3},"minecraft:picked_up":{"minecraft:birch_log":2,"minecraft:crafting_table":13,"minecraft:feather":2,"minecraft:chicken":1,"minecraft:leather":17,"minecraft:potato":6,"minecraft:oak_log":154,"minecraft:dirt":10,"minecraft:raw_copper":4,"minecraft:kelp":8,"minecraft:wheat_seeds":7,"minecraft:smooth_stone":1,"minecraft:beef":31,"minecraft:oak_boat":4,"minecraft:light_gray_wool":1,"minecraft:sugar_cane":13,"minecraft:chest":1,"minecraft:furnace":3,"minecraft:raw_iron":33,"minecraft:sweet_berries":79,"minecraft:composter":1,"minecraft:torch":1,"minecraft:gravel":1,"minecraft:porkchop":1,"minecraft:spruce_sapling":1,"minecraft:carrot":8,"minecraft:white_bed":6,"minecraft:cauldron":1,"minecraft:rotten_flesh":1,"minecraft:beetroot_seeds":1,"minecraft:granite":1,"minecraft:gray_wool":1,"minecraft:oak_sapling":1,"minecraft:mutton":23,"minecraft:coal":93,"minecraft:white_wool":11,"minecraft:cobblestone":300},"minecraft:broken":{"minecraft:stone_pickaxe":2,"minecraft:stone_axe":1},"minecraft:used":{"minecraft:cooked_mutton":2,"minecraft:stone_pickaxe":338,"minecraft:oak_planks":1,"minecraft:wooden_pickaxe":37,"minecraft:shield":2,"minecraft:torch":4,"minecraft:dirt":1,"minecraft:mutton":5,"minecraft:crafting_table":13,"minecraft:carrot":5,"minecraft:white_bed":5,"minecraft:oak_log":2,"minecraft:iron_pickaxe":55,"minecraft:stone_axe":279,"minecraft:cobblestone":204,"minecraft:furnace":3,"minecraft:oak_boat":6,"minecraft:cooked_beef":6}},"DataVersion":3105}