{"stats":{"minecraft:mined":{"minecraft:white_bed":7,"minecraft:mossy_cobblestone":2,"minecraft:granite":272,"minecraft:grass_block":28,"minecraft:spruce_leaves":18,"minecraft:composter":1,"minecraft:large_fern":1,"minecraft:smooth_stone":1,"minecraft:furnace":3,"minecraft:carrots":8,"minecraft:iron_ore":34,"minecraft:andesite":63,"minecraft:potatoes":6,"minecraft:water_cauldron":1,"minecraft:oak_stairs":1,"minecraft:stone":991,"minecraft:glass_pane":1,"minecraft:smoker":1,"minecraft:spruce_door":1,"minecraft:crafting_table":14,"minecraft:torch":5,"minecraft:blast_furnace":3,"minecraft:poppy":3,"minecraft:chest":8,"minecraft:cobblestone":33,"minecraft:tall_grass":3,"minecraft:copper_ore":1,"minecraft:grindstone":4,"minecraft:sugar_cane":6,"minecraft:diorite":2,"minecraft:wall_torch":3,"minecraft:blue_bed":6,"minecraft:purple_bed":4,"minecraft:cobblestone_wall":2,"minecraft:birch_log":2,"minecraft:wheat":6,"minecraft:sweet_berry_bush":55,"minecraft:spruce_log":7,"minecraft:birch_leaves":3,"minecraft:grass":25,"minecraft:coal_ore":83,"minecraft:oak_log":169,"minecraft:beetroots":1,"minecraft:dirt":27,"minecraft:gravel":1,"minecraft:stonecutter":1,"minecraft:oak_leaves":14,"minecraft:fern":4},"minecraft:custom":{"minecraft:mob_kills":45,"minecraft:interact_with_crafting_table":47,"minecraft:leave_game":7,"minecraft:time_since_death":151042,"minecraft:sprint_one_cm":504136,"minecraft:walk_one_cm":421278,"minecraft:damage_blocked_by_shield":165,"minecraft:drop":15,"minecraft:play_time":197942,"minecraft:deaths":4,"minecraft:sneak_time":1716,"minecraft:walk_under_water_one_cm":10730,"minecraft:boat_one_cm":890878,"minecraft:jump":2529,"minecraft:walk_on_water_one_cm":16851,"minecraft:total_world_time":197942,"minecraft:interact_with_furnace":21,"minecraft:sleep_in_bed":12,"minecraft:time_since_rest":28887,"minecraft:damage_taken":1927,"minecraft:damage_dealt":5221,"minecraft:swim_one_cm":53617,"minecraft:fly_one_cm":396207,"minecraft:open_chest":21,"minecraft:crouch_one_cm":3694,"minecraft:fall_one_cm":60851},"minecraft:crafted":{"minecraft:oak_planks":352,"minecraft:stone_shovel":2,"minecraft:furnace":1,"minecraft:spruce_fence":18,"minecraft:cooked_mutton":5,"minecraft:stone_pickaxe":12,"minecraft:cooked_beef":6,"minecraft:crafting_table":6,"minecraft:spruce_planks":28,"minecraft:wooden_pickaxe":5,"minecraft:birch_planks":8,"minecraft:stone_axe":6,"minecraft:air":0,"minecraft:oak_boat":3,"minecraft:iron_chestplate":1,"minecraft:shield":1,"minecraft:stick":92,"minecraft:iron_ingot":19,"minecraft:iron_pickaxe":1,"minecraft:oak_stairs":48,"minecraft:iron_leggings":1,"minecraft:white_bed":1,"minecraft:torch":24},"minecraft:killed":{"minecraft:chicken":1,"minecraft:pig":2,"minecraft:zombie_villager":1,"minecraft:sheep":21,"minecraft:zombie":6,"minecraft:cow":14},"minecraft:killed_by":{"minecraft:zombie_villager":1,"minecraft:drowned":1,"minecraft:skeleton":2},"minecraft:picked_up":{"minecraft:iron_chestplate":1,"minecraft:crafting_table":14,"minecraft:chicken":1,"minecraft:oak_stairs":1,"minecraft:raw_copper":4,"minecraft:large_fern":1,"minecraft:armor_stand":2,"minecraft:smooth_stone":1,"minecraft:beef":31,"minecraft:oak_boat":4,"minecraft:iron_nugget":2,"minecraft:iron_pickaxe":1,"minecraft:light_gray_wool":1,"minecraft:sugar_cane":13,"minecraft:chest":7,"minecraft:furnace":3,"minecraft:raw_iron":33,"minecraft:composter":1,"minecraft:torch":10,"minecraft:porkchop":4,"minecraft:diorite":1,"minecraft:carrot":8,"minecraft:cauldron":1,"minecraft:rotten_flesh":2,"minecraft:beetroot_seeds":1,"minecraft:mutton":35,"minecraft:obsidian":7,"minecraft:white_wool":19,"minecraft:cobblestone":1015,"minecraft:birch_log":2,"minecraft:feather":2,"minecraft:andesite":58,"minecraft:leather":17,"minecraft:fern":1,"minecraft:smoker":1,"minecraft:potato":19,"minecraft:oak_log":166,"minecraft:cobblestone_wall":2,"minecraft:dirt":55,"minecraft:blue_bed":6,"minecraft:apple":11,"minecraft:kelp":8,"minecraft:stonecutter":1,"minecraft:wheat_seeds":10,"minecraft:grindstone":4,"minecraft:iron_ingot":5,"minecraft:stone_pickaxe":1,"minecraft:sweet_berries":144,"minecraft:gravel":1,"minecraft:spruce_sapling":10,"minecraft:blast_furnace":3,"minecraft:white_bed":7,"minecraft:spruce_log":11,"minecraft:mossy_cobblestone":1,"minecraft:pumpkin_seeds":10,"minecraft:purple_bed":3,"minecraft:iron_helmet":2,"minecraft:granite":267,"minecraft:bread":7,"minecraft:gray_wool":1,"minecraft:spruce_sign":1,"minecraft:emerald":6,"minecraft:oak_sapling":1,"minecraft:coal":93},"minecraft:dropped":{"minecraft:spruce_sign":1,"minecraft:wheat_seeds":7,"minecraft:cobblestone":17,"minecraft:granite":1,"minecraft:dirt":9,"minecraft:gray_wool":1,"minecraft:large_fern":1,"minecraft:gravel":1,"minecraft:rotten_flesh":1,"minecraft:stone_pickaxe":1,"minecraft:wooden_pickaxe":3},"minecraft:broken":{"minecraft:stone_pickaxe":7,"minecraft:stone_axe":2,"minecraft:iron_pickaxe":1},"minecraft:used":{"minecraft:stone_shovel":40,"minecraft:chest":6,"minecraft:shield":6,"minecraft:torch":26,"minecraft:dirt":1,"minecraft:mutton":5,"minecraft:carrot":5,"minecraft:spruce_fence":16,"minecraft:oak_stairs":49,"minecraft:sweet_berries":1,"minecraft:furnace":4,"minecraft:cooked_beef":6,"minecraft:cooked_mutton":4,"minecraft:stone_pickaxe":987,"minecraft:oak_planks":6,"minecraft:wooden_pickaxe":37,"minecraft:crafting_table":14,"minecraft:white_bed":7,"minecraft:oak_log":2,"minecraft:bread":8,"minecraft:iron_pickaxe":482,"minecraft:stone_axe":366,"minecraft:cobblestone":288,"minecraft:oak_boat":7}},"DataVersion":3105}