{"stats":{"minecraft:mined":{"minecraft:white_bed":16,"minecraft:mossy_cobblestone":2,"minecraft:granite":291,"minecraft:grass_block":93,"minecraft:spruce_leaves":27,"minecraft:composter":1,"minecraft:kelp":2,"minecraft:large_fern":2,"minecraft:hay_block":45,"minecraft:smooth_stone":2,"minecraft:furnace":7,"minecraft:carrots":8,"minecraft:iron_ore":35,"minecraft:andesite":86,"minecraft:fletching_table":1,"minecraft:peony":1,"minecraft:bookshelf":4,"minecraft:potatoes":6,"minecraft:water_cauldron":1,"minecraft:dirt_path":3,"minecraft:oak_stairs":1,"minecraft:stone":1784,"minecraft:glass_pane":1,"minecraft:kelp_plant":15,"minecraft:smoker":1,"minecraft:dandelion":2,"minecraft:spruce_door":1,"minecraft:crafting_table":22,"minecraft:torch":8,"minecraft:blast_furnace":4,"minecraft:poppy":3,"minecraft:chest":26,"minecraft:rose_bush":2,"minecraft:lectern":2,"minecraft:tall_grass":9,"minecraft:copper_ore":2,"minecraft:cobblestone":35,"minecraft:grindstone":4,"minecraft:sugar_cane":17,"minecraft:diorite":129,"minecraft:wall_torch":3,"minecraft:blue_bed":10,"minecraft:seagrass":1,"minecraft:purple_bed":10,"minecraft:cobblestone_wall":2,"minecraft:birch_log":2,"minecraft:wheat":6,"minecraft:sweet_berry_bush":56,"minecraft:lilac":2,"minecraft:spruce_log":67,"minecraft:birch_leaves":3,"minecraft:yellow_bed":1,"minecraft:grass":73,"minecraft:oak_log":194,"minecraft:coal_ore":101,"minecraft:beetroots":1,"minecraft:gravel":8,"minecraft:dirt":97,"minecraft:cobweb":1,"minecraft:stonecutter":1,"minecraft:oak_leaves":20,"minecraft:fern":4},"minecraft:custom":{"minecraft:mob_kills":86,"minecraft:interact_with_crafting_table":64,"minecraft:leave_game":8,"minecraft:time_since_death":83655,"minecraft:climb_one_cm":1204,"minecraft:sprint_one_cm":992896,"minecraft:walk_one_cm":724286,"minecraft:damage_blocked_by_shield":165,"minecraft:drop":36,"minecraft:talked_to_villager":2,"minecraft:play_time":337180,"minecraft:deaths":8,"minecraft:sneak_time":3222,"minecraft:walk_under_water_one_cm":20431,"minecraft:boat_one_cm":1230570,"minecraft:jump":5419,"minecraft:walk_on_water_one_cm":36504,"minecraft:total_world_time":337180,"minecraft:interact_with_furnace":36,"minecraft:sleep_in_bed":20,"minecraft:time_since_rest":8555,"minecraft:damage_taken":3669,"minecraft:damage_dealt":9258,"minecraft:swim_one_cm":147475,"minecraft:player_kills":2,"minecraft:fly_one_cm":1020209,"minecraft:open_chest":38,"minecraft:crouch_one_cm":8594,"minecraft:interact_with_smoker":2,"minecraft:fall_one_cm":144195,"minecraft:horse_one_cm":104017},"minecraft:crafted":{"minecraft:oak_planks":664,"minecraft:stone_shovel":3,"minecraft:cooked_chicken":2,"minecraft:furnace":2,"minecraft:spruce_fence":18,"minecraft:cooked_mutton":7,"minecraft:stone_pickaxe":20,"minecraft:chest":4,"minecraft:stone_hoe":1,"minecraft:cooked_beef":18,"minecraft:crafting_table":7,"minecraft:spruce_planks":28,"minecraft:wooden_pickaxe":6,"minecraft:birch_planks":8,"minecraft:stone_axe":8,"minecraft:air":0,"minecraft:oak_boat":7,"minecraft:iron_chestplate":1,"minecraft:shield":1,"minecraft:stick":132,"minecraft:iron_ingot":19,"minecraft:iron_pickaxe":1,"minecraft:oak_stairs":48,"minecraft:iron_leggings":1,"minecraft:white_bed":3,"minecraft:torch":48},"minecraft:killed":{"minecraft:chicken":7,"minecraft:pig":4,"minecraft:zombie_villager":2,"minecraft:sheep":39,"minecraft:zombie":7,"minecraft:cow":27},"minecraft:killed_by":{"minecraft:zombie_villager":1,"minecraft:creeper":2,"minecraft:drowned":1,"minecraft:skeleton":4},"minecraft:picked_up":{"minecraft:crafting_table":22,"minecraft:iron_chestplate":1,"minecraft:chicken":6,"minecraft:golden_pickaxe":1,"minecraft:oak_stairs":1,"minecraft:raw_copper":7,"minecraft:large_fern":1,"minecraft:flint_and_steel":2,"minecraft:armor_stand":2,"minecraft:gold_nugget":2,"minecraft:smooth_stone":2,"minecraft:beef":67,"minecraft:rose_bush":4,"minecraft:oak_boat":14,"minecraft:iron_nugget":20,"minecraft:light_gray_wool":1,"minecraft:iron_pickaxe":1,"minecraft:lectern":2,"minecraft:sugar_cane":35,"minecraft:chest":25,"minecraft:egg":6,"minecraft:furnace":7,"minecraft:stick":2,"minecraft:raw_iron":34,"minecraft:composter":1,"minecraft:torch":13,"minecraft:porkchop":10,"minecraft:dried_kelp":34,"minecraft:diorite":126,"minecraft:carrot":8,"minecraft:cauldron":1,"minecraft:stone_sword":2,"minecraft:rotten_flesh":5,"minecraft:beetroot_seeds":1,"minecraft:peony":1,"minecraft:hay_block":45,"minecraft:saddle":1,"minecraft:mutton":60,"minecraft:obsidian":7,"minecraft:white_wool":37,"minecraft:cobblestone":1788,"minecraft:birch_log":2,"minecraft:leather_chestplate":1,"minecraft:feather":9,"minecraft:cooked_beef":1,"minecraft:andesite":72,"minecraft:leather":25,"minecraft:fern":3,"minecraft:smoker":1,"minecraft:potato":34,"minecraft:flint":2,"minecraft:oak_log":191,"minecraft:yellow_bed":1,"minecraft:cobblestone_wall":2,"minecraft:blue_bed":10,"minecraft:dirt":192,"minecraft:leather_boots":2,"minecraft:apple":17,"minecraft:kelp":16,"minecraft:stonecutter":1,"minecraft:wheat_seeds":18,"minecraft:stone_pickaxe":19,"minecraft:grindstone":4,"minecraft:iron_ingot":5,"minecraft:fletching_table":1,"minecraft:oak_planks":6,"minecraft:book":12,"minecraft:sweet_berries":146,"minecraft:dandelion":1,"minecraft:gravel":7,"minecraft:spruce_sapling":11,"minecraft:blast_furnace":3,"minecraft:grass_block":1,"minecraft:white_bed":17,"minecraft:spruce_log":70,"minecraft:mossy_cobblestone":1,"minecraft:pumpkin_seeds":10,"minecraft:purple_bed":9,"minecraft:iron_helmet":2,"minecraft:granite":286,"minecraft:gray_wool":1,"minecraft:emerald":8,"minecraft:spruce_sign":2,"minecraft:bread":19,"minecraft:oak_sapling":8,"minecraft:coal":327},"minecraft:dropped":{"minecraft:spruce_sign":1,"minecraft:wheat_seeds":8,"minecraft:oak_log":1,"minecraft:feather":2,"minecraft:cobblestone":17,"minecraft:granite":1,"minecraft:dirt":9,"minecraft:gray_wool":1,"minecraft:large_fern":1,"minecraft:rose_bush":2,"minecraft:gold_nugget":2,"minecraft:smooth_stone":1,"minecraft:dandelion":1,"minecraft:gravel":1,"minecraft:kelp":8,"minecraft:rotten_flesh":1,"minecraft:fern":1,"minecraft:peony":1,"minecraft:oak_sapling":2,"minecraft:beef":8,"minecraft:wooden_pickaxe":4,"minecraft:stone_pickaxe":5,"minecraft:egg":2},"minecraft:broken":{"minecraft:stone_pickaxe":13,"minecraft:stone_axe":2,"minecraft:iron_pickaxe":2},"minecraft:used":{"minecraft:stone_sword":20,"minecraft:stone_shovel":176,"minecraft:chest":16,"minecraft:shield":6,"minecraft:stone_hoe":36,"minecraft:cooked_chicken":2,"minecraft:torch":33,"minecraft:dirt":55,"minecraft:mutton":16,"minecraft:carrot":5,"minecraft:spruce_fence":16,"minecraft:oak_stairs":49,"minecraft:sweet_berries":1,"minecraft:furnace":8,"minecraft:cooked_beef":15,"minecraft:cooked_mutton":6,"minecraft:stone_pickaxe":1968,"minecraft:oak_planks":6,"minecraft:wooden_pickaxe":37,"minecraft:blue_bed":4,"minecraft:crafting_table":23,"minecraft:blast_furnace":1,"minecraft:white_bed":15,"minecraft:smoker":1,"minecraft:oak_log":2,"minecraft:apple":1,"minecraft:bread":12,"minecraft:iron_pickaxe":501,"minecraft:lectern":1,"minecraft:stone_axe":596,"minecraft:cobblestone":579,"minecraft:purple_bed":6,"minecraft:grindstone":1,"minecraft:oak_boat":18}},"DataVersion":3105}