{"stats":{"minecraft:dropped":{"minecraft:wheat_seeds":25,"minecraft:raw_copper":23,"sophisticatedbackpacks:backpack":1,"minecraft:wooden_pickaxe":1},"minecraft:custom":{"minecraft:mob_kills":31,"minecraft:interact_with_crafting_table":22,"minecraft:bell_ring":2,"minecraft:leave_game":4,"minecraft:time_since_death":18544,"minecraft:sleep_in_bed":3,"minecraft:time_since_rest":1259,"minecraft:sprint_one_cm":255188,"minecraft:damage_taken":744,"minecraft:walk_one_cm":197129,"minecraft:damage_blocked_by_shield":422,"minecraft:drop":4,"minecraft:damage_dealt":3381,"minecraft:swim_one_cm":18462,"minecraft:fly_one_cm":206823,"minecraft:open_chest":11,"minecraft:crouch_one_cm":679,"minecraft:play_time":97734,"minecraft:deaths":1,"minecraft:sneak_time":330,"minecraft:walk_under_water_one_cm":6214,"minecraft:boat_one_cm":236615,"minecraft:jump":1300,"minecraft:walk_on_water_one_cm":10754,"minecraft:total_world_time":97734,"minecraft:fall_one_cm":30199},"minecraft:crafted":{"minecraft:oak_door":3,"minecraft:oak_planks":120,"minecraft:stone_shovel":3,"sophisticatedbackpacks:backpack":1,"minecraft:crafting_table":1,"minecraft:wooden_pickaxe":1,"minecraft:furnace":1,"minecraft:stone_axe":2,"minecraft:oak_boat":1,"minecraft:shield":1,"minecraft:stick":24,"minecraft:stone_pickaxe":3,"minecraft:stone_sword":1,"minecraft:chest":1,"minecraft:white_bed":1,"minecraft:torch":20},"minecraft:killed_by":{"minecraft:zombie":1},"minecraft:mined":{"minecraft:white_bed":3,"minecraft:red_bed":2,"minecraft:melon_stem":1,"minecraft:orange_terracotta":2,"minecraft:brewing_stand":1,"minecraft:crafting_table":6,"minecraft:blast_furnace":1,"minecraft:acacia_log":2,"minecraft:grass_block":18,"minecraft:melon":7,"minecraft:chest":8,"minecraft:dead_bush":1,"minecraft:tall_grass":4,"minecraft:copper_ore":6,"minecraft:cobblestone":5,"minecraft:lapis_ore":5,"minecraft:grindstone":2,"minecraft:oak_planks":1,"minecraft:wall_torch":1,"minecraft:smooth_stone":11,"minecraft:iron_ore":2,"minecraft:wheat":43,"minecraft:bell":1,"minecraft:grass":30,"minecraft:oak_log":31,"minecraft:coal_ore":8,"minecraft:gravel":79,"minecraft:dirt":17,"minecraft:stone":541,"minecraft:orange_bed":1,"minecraft:orange_glazed_terracotta":1},"minecraft:picked_up":{"minecraft:iron_chestplate":1,"minecraft:crafting_table":6,"minecraft:wheat":95,"minecraft:suspicious_stew":1,"minecraft:leather":10,"minecraft:brown_wool":1,"minecraft:potato":2,"minecraft:filled_map":1,"minecraft:flint":10,"minecraft:oak_log":30,"minecraft:brewing_stand":1,"minecraft:shield":1,"minecraft:gunpowder":4,"minecraft:map":1,"minecraft:lapis_lazuli":39,"minecraft:string":10,"minecraft:dirt":35,"minecraft:red_bed":2,"minecraft:raw_copper":46,"minecraft:orange_terracotta":2,"minecraft:compass":1,"minecraft:wheat_seeds":138,"minecraft:smooth_stone":22,"minecraft:bell":1,"minecraft:stone_pickaxe":1,"minecraft:beef":9,"minecraft:iron_ingot":9,"minecraft:grindstone":4,"minecraft:oak_boat":2,"minecraft:iron_nugget":20,"minecraft:melon_slice":56,"minecraft:moss_block":3,"minecraft:chest":9,"minecraft:acacia_sapling":2,"minecraft:oak_planks":39,"minecraft:furnace":1,"minecraft:stick":6,"minecraft:raw_iron":4,"minecraft:pumpkin":1,"minecraft:torch":10,"minecraft:acacia_log":2,"sophisticatedbackpacks:backpack":1,"minecraft:gravel":123,"minecraft:porkchop":25,"minecraft:blast_furnace":1,"minecraft:white_bed":4,"minecraft:spider_eye":2,"minecraft:leather_helmet":1,"minecraft:orange_bed":1,"minecraft:stone_sword":1,"minecraft:stone_shovel":3,"minecraft:rotten_flesh":8,"minecraft:stone_axe":2,"minecraft:grass":4,"minecraft:gold_ingot":4,"minecraft:bread":14,"minecraft:oak_sapling":2,"minecraft:melon_seeds":3,"minecraft:mutton":15,"minecraft:coal":8,"minecraft:white_wool":9,"minecraft:cobblestone":662},"minecraft:killed":{"minecraft:pig":10,"minecraft:zombie_villager":1,"minecraft:spider":3,"minecraft:sheep":10,"minecraft:zombie":2,"minecraft:cow":5},"minecraft:broken":{"minecraft:stone_pickaxe":2,"minecraft:iron_pickaxe":1},"minecraft:used":{"minecraft:stone_sword":4,"minecraft:stone_shovel":108,"minecraft:stone_pickaxe":330,"minecraft:oak_planks":36,"minecraft:shield":5,"minecraft:chest":6,"minecraft:wooden_pickaxe":13,"minecraft:bell":1,"minecraft:oak_door":2,"minecraft:orange_bed":1,"minecraft:torch":12,"minecraft:dirt":7,"minecraft:mutton":6,"minecraft:crafting_table":7,"minecraft:white_bed":3,"minecraft:bread":6,"minecraft:melon_slice":18,"minecraft:iron_pickaxe":251,"minecraft:stone_axe":137,"minecraft:cobblestone":52,"minecraft:oak_boat":2}},"DataVersion":3120}